{
    "stats_90_day_close_price": {
        "min": 995.0,
        "max": 1985.0,
        "mean": 1326.867619047619
    },
    "stats_vwap_by_month": {
        "2017-05": 1329.2350668216152,
        "2017-06": 1154.0483958306852,
        "2017-07": 1278.9388430493273,
        "2017-08": 1523.7110580329872,
        "2017-09": 1558.1063949716136,
        "2017-10": 1571.0830624654504,
        "2017-11": 1233.2073129770995,
        "2017-12": 1325.0508699999998,
        "2018-01": 1073.9310898703584,
        "2018-02": 1203.3812059158136,
        "2018-03": 1281.3280865224624,
        "2018-04": 1252.3248259860788,
        "2018-05": 1348.976693505099,
        "2018-06": 1834.2178323699422,
        "2018-07": 1210.8554824561404,
        "2018-08": 1552.3621329879102,
        "2018-09": 1443.750375918598,
        "2018-10": 1274.2423274753535,
        "2018-11": 997.146130952381,
        "2018-12": 996.0251046025105
    },
    "stats_average_price": {
        "1 week": 0.0,
        "2 weeks": 998.0,
        "1 month": 998.0,
        "2 months": 999.01,
        "6 months": 1358.075641025641,
        "1 year": 1346.1521546961324
    },
    "stats_profit_loss_percentage": {
        "1 week": 0.0,
        "2 weeks": 0.4016064257028112,
        "1 month": 0.4016064257028112,
        "2 months": -0.30407257863515824,
        "6 months": 0.0,
        "1 year": 0.34015311907365836
    },
    "stats_quantity_trend": {
        "Positive:mean": 20.0,
        "Positive:median": 20.0,
        "Slight:mean": 131.23076923076923,
        "Slight:median": 51.0,
        "Slight positive:mean": 130.0076923076923,
        "Slight positive:median": 52.0,
        "Slight negative:mean": 102.14285714285714,
        "Slight negative:median": 100.0
    }
}