{
    "stats_90_day_close_price": {
        "min": 660.0,
        "max": 1235.0,
        "mean": 867.6258419689117
    },
    "stats_vwap_by_month": {
        "2017-05": 1059.080953378354,
        "2017-06": 1081.6892955149901,
        "2017-07": 1086.0724592378194,
        "2017-08": 1064.350377481047,
        "2017-09": 1042.133059436651,
        "2017-10": 1044.0361411872898,
        "2017-11": 1047.0328629850655,
        "2017-12": 1046.4307734525867,
        "2018-01": 723.1283609503034,
        "2018-02": 1047.7372827655438,
        "2018-03": 1054.856324635369,
        "2018-04": 1074.7129578800561,
        "2018-05": 1066.0298770128059,
        "2018-06": 1025.367985286845,
        "2018-07": 1029.3983421004384,
        "2018-08": 1007.7630507010169,
        "2018-09": 929.6140091498636,
        "2018-10": 886.9334738181965,
        "2018-11": 914.5319361602377,
        "2018-12": 916.7829757374506,
        "2019-01": 842.2311510987347,
        "2019-02": 764.1470249197057,
        "2019-03": 808.9170501063262,
        "2019-04": 895.0795345800155,
        "2019-05": 904.8720125302913
    },
    "stats_average_price": {
        "1 week": 865.8198412698414,
        "2 weeks": 872.6686842105264,
        "1 month": 893.6026666666664,
        "2 months": 888.9478053830223,
        "6 months": 894.0425050505048,
        "1 year": 939.8969155844154
    },
    "stats_profit_loss_percentage": {
        "1 week": -13.68424375716886,
        "2 weeks": -15.438144329896907,
        "1 month": -15.350877192982457,
        "2 months": -14.557291666666666,
        "6 months": -10.842391304347826,
        "1 year": -18.787128712871286
    },
    "stats_quantity_trend": {
        "Slight:mean": 550.249530516432,
        "Slight:median": 144.0,
        "Slight positive:mean": 135.42105263157896,
        "Slight positive:median": 39.5
    }
}