{
    "stats_90_day_close_price": {
        "min": 36.85,
        "max": 54.6,
        "mean": 47.029310344827564
    },
    "stats_vwap_by_month": {
        "2017-05": 30.32089475661631,
        "2017-06": 27.66774422633686,
        "2017-07": 31.81353008446324,
        "2017-08": 30.46153993369649,
        "2017-09": 31.41949555017351,
        "2017-10": 30.909545091881636,
        "2017-11": 34.62936151454766,
        "2017-12": 36.49448433081224,
        "2018-01": 41.707536344508405,
        "2018-02": 32.635999112203365,
        "2018-03": 26.243296449365932,
        "2018-04": 25.63417832019592,
        "2018-05": 22.008098802557846,
        "2018-06": 18.06522153907228,
        "2018-07": 23.530952244750306,
        "2018-08": 32.068997904664236,
        "2018-09": 29.240987313522833,
        "2018-10": 34.25253629711622,
        "2018-11": 50.57118742245703,
        "2018-12": 52.714849341854595,
        "2019-01": 47.24649436791932,
        "2019-02": 40.95941070482076,
        "2019-03": 49.87941801369094,
        "2019-04": 51.045191511389106,
        "2019-05": 42.04605656867119
    },
    "stats_average_price": {
        "1 week": 40.739999999999995,
        "2 weeks": 42.18888888888889,
        "1 month": 46.85588235294118,
        "2 months": 48.12027027027027,
        "6 months": 47.99083333333332,
        "1 year": 37.53231707317077
    },
    "stats_profit_loss_percentage": {
        "1 week": -7.3493975903614395,
        "2 weeks": -14.365256124721595,
        "1 month": -29.578754578754573,
        "2 months": -24.38544739429695,
        "6 months": -21.047227926078026,
        "1 year": 76.37614678899082
    },
    "stats_quantity_trend": {
        "Slight:mean": 1.8042979516194332E7,
        "Slight:median": 1.3245887E7
    }
}