{
    "stats_90_day_close_price": {
        "min": 954.1,
        "max": 1072.9,
        "mean": 1013.4387931034486
    },
    "stats_vwap_by_month": {
        "2017-05": 1612.259820000433,
        "2017-06": 1563.1562447634674,
        "2017-07": 1476.346443177465,
        "2017-08": 1228.8061752485244,
        "2017-09": 1201.5754206148326,
        "2017-10": 1191.525470085274,
        "2017-11": 1296.6253126287781,
        "2017-12": 1437.3888304596126,
        "2018-01": 1508.1475956926608,
        "2018-02": 1373.7394941830823,
        "2018-03": 1374.7589594807778,
        "2018-04": 1379.3174000736067,
        "2018-05": 1074.8678413285375,
        "2018-06": 1023.7095803969399,
        "2018-07": 1048.1266262451427,
        "2018-08": 1196.8743025641727,
        "2018-09": 1181.477932043729,
        "2018-10": 1020.0951470297031,
        "2018-11": 1111.271052462103,
        "2018-12": 1125.3451872176322,
        "2019-01": 1119.2358050258595,
        "2019-02": 974.6424094580891,
        "2019-03": 1010.56441129361,
        "2019-04": 1023.3788538002185,
        "2019-05": 1066.115377573171
    },
    "stats_average_price": {
        "1 week": 1057.18,
        "2 weeks": 1052.0666666666666,
        "1 month": 1039.8999999999999,
        "2 months": 1028.7121621621623,
        "6 months": 1062.663333333333,
        "1 year": 1068.042886178862
    },
    "stats_profit_loss_percentage": {
        "1 week": -0.7228457295035321,
        "2 weeks": 5.391760904684974,
        "1 month": 1.6209901182884547,
        "2 months": 2.9185564977321934,
        "6 months": -3.6818307649718642,
        "1 year": -1.824680210684734
    },
    "stats_quantity_trend": {
        "Slight positive:mean": 372003.5581395349,
        "Slight positive:median": 276387.0,
        "Negative:mean": 293047.03738317755,
        "Negative:median": 230560.0,
        "Slight negative:mean": 229428.92857142858,
        "Slight negative:median": 176026.5,
        "Slight:mean": 215074.41129032258,
        "Slight:median": 170204.0,
        "Positive:mean": 336805.1868131868,
        "Positive:median": 271982.0,
        "Bull run:mean": 1956396.0,
        "Bull run:median": 1956396.0,
        "Among top gainers:mean": 618543.5294117647,
        "Among top gainers:median": 531193.5,
        "Among top losers:mean": 432025.24324324325,
        "Among top losers:median": 338320.0
    }
}