{
    "stats_90_day_close_price": {
        "min": 625.85,
        "max": 750.6,
        "mean": 704.5413793103448
    },
    "stats_vwap_by_month": {
        "2017-05": 872.0617070972386,
        "2017-06": 847.9147792337803,
        "2017-07": 845.8768849710906,
        "2017-08": 792.6001633643639,
        "2017-09": 765.6583151361782,
        "2017-10": 691.9184822409075,
        "2017-11": 770.0039594756762,
        "2017-12": 807.388720775602,
        "2018-01": 846.7899711903276,
        "2018-02": 811.5883014370205,
        "2018-03": 791.0874790948009,
        "2018-04": 831.1111588931103,
        "2018-05": 840.31658505111,
        "2018-06": 762.5007926146649,
        "2018-07": 794.7362312436674,
        "2018-08": 854.4178088277927,
        "2018-09": 787.5888816178549,
        "2018-10": 742.4466234270657,
        "2018-11": 745.4480950347129,
        "2018-12": 727.260264797022,
        "2019-01": 757.9618217758272,
        "2019-02": 743.778844054656,
        "2019-03": 730.8341710718586,
        "2019-04": 679.4768318212235,
        "2019-05": 641.9475913727945
    },
    "stats_average_price": {
        "1 week": 635.0799999999999,
        "2 weeks": 644.3055555555555,
        "1 month": 662.6558823529411,
        "2 months": 686.2986486486484,
        "6 months": 724.1683333333334,
        "1 year": 756.7810975609754
    },
    "stats_profit_loss_percentage": {
        "1 week": -2.682320012439745,
        "2 weeks": -5.51068166377293,
        "1 month": -11.075589656152307,
        "2 months": -16.167704775299704,
        "6 months": -15.110206849779583,
        "1 year": -27.81430219146482
    },
    "stats_quantity_trend": {
        "Slight positive:mean": 668357.5,
        "Slight positive:median": 450008.5,
        "Negative:mean": 489279.0198019802,
        "Negative:median": 439429.0,
        "Slight negative:mean": 415675.6901408451,
        "Slight negative:median": 325762.0,
        "Slight:mean": 363352.5862068966,
        "Slight:median": 331248.0,
        "Positive:mean": 652959.775,
        "Positive:median": 558878.5,
        "Bull run:mean": 3640520.0,
        "Bull run:median": 3640520.0,
        "Among top gainers:mean": 1097534.0,
        "Among top gainers:median": 846066.0,
        "Among top losers:mean": 1132910.9473684211,
        "Among top losers:median": 603744.0
    }
}