{
    "stats_90_day_close_price": {
        "min": 185.3,
        "max": 226.8,
        "mean": 212.12327586206897
    },
    "stats_vwap_by_month": {
        "2017-05": 231.27763665497895,
        "2017-06": 254.006831827151,
        "2017-07": 257.33454678040806,
        "2017-08": 267.8861272488085,
        "2017-09": 254.0872175203924,
        "2017-10": 241.23099485913434,
        "2017-11": 241.64860320126638,
        "2017-12": 254.51985761160464,
        "2018-01": 270.18549147222103,
        "2018-02": 263.43195295188707,
        "2018-03": 263.8738420526977,
        "2018-04": 291.3383269654117,
        "2018-05": 283.38726929598937,
        "2018-06": 268.5303117294,
        "2018-07": 274.1221917479817,
        "2018-08": 268.2925060793378,
        "2018-09": 232.6657612542531,
        "2018-10": 207.64376876740408,
        "2018-11": 226.24430356073762,
        "2018-12": 233.6908674045508,
        "2019-01": 218.76808294606838,
        "2019-02": 205.80481354645588,
        "2019-03": 220.47691499176858,
        "2019-04": 215.52159352475638,
        "2019-05": 191.0907525183297
    },
    "stats_average_price": {
        "1 week": 189.88000000000002,
        "2 weeks": 195.1277777777778,
        "1 month": 203.45588235294116,
        "2 months": 211.64594594594593,
        "6 months": 218.10375000000002,
        "1 year": 235.47113821138203
    },
    "stats_profit_loss_percentage": {
        "1 week": -4.610655737704918,
        "2 weeks": -9.63358408153362,
        "1 month": -14.58715596330276,
        "2 months": -16.220472440944885,
        "6 months": -19.04347826086957,
        "1 year": -34.96332518337409
    },
    "stats_quantity_trend": {
        "Slight positive:mean": 2676252.906976744,
        "Slight positive:median": 2388836.0,
        "Negative:mean": 2949319.488,
        "Negative:median": 2605902.0,
        "Slight negative:mean": 2261652.0434782607,
        "Slight negative:median": 1975054.5,
        "Slight:mean": 2854372.47008547,
        "Slight:median": 2401324.0,
        "Positive:mean": 2991995.798076923,
        "Positive:median": 2752107.5,
        "Bull run:mean": 1.8908914E7,
        "Bull run:median": 1.8908914E7,
        "Among top gainers:mean": 4662462.322580645,
        "Among top gainers:median": 4636403.0,
        "Among top losers:mean": 4689243.814814814,
        "Among top losers:median": 4210918.0
    }
}