{
    "stats_90_day_close_price": {
        "min": 288.8,
        "max": 334.6,
        "mean": 312.3137931034483
    },
    "stats_vwap_by_month": {
        "2017-05": 253.35454761448534,
        "2017-06": 248.95556466834842,
        "2017-07": 252.12886704543672,
        "2017-08": 244.7031954664745,
        "2017-09": 258.70214455210953,
        "2017-10": 268.03452672249836,
        "2017-11": 256.7652030408436,
        "2017-12": 257.5710244573825,
        "2018-01": 259.64055746604123,
        "2018-02": 247.54874208190324,
        "2018-03": 247.90716973153891,
        "2018-04": 271.35165259611387,
        "2018-05": 286.26517969404205,
        "2018-06": 284.6841427373593,
        "2018-07": 306.5232324443489,
        "2018-08": 328.3451440040586,
        "2018-09": 304.10686010567906,
        "2018-10": 279.8288094111839,
        "2018-11": 309.29354552144116,
        "2018-12": 325.55722862448806,
        "2019-01": 321.5312253122034,
        "2019-02": 303.1219385933737,
        "2019-03": 311.89681431361794,
        "2019-04": 326.0246825593597,
        "2019-05": 306.29836421520014
    },
    "stats_average_price": {
        "1 week": 302.36,
        "2 weeks": 307.7055555555555,
        "1 month": 315.9117647058824,
        "2 months": 319.3472972972974,
        "6 months": 316.2012499999999,
        "1 year": 307.5172764227645
    },
    "stats_profit_loss_percentage": {
        "1 week": -1.7065966524450242,
        "2 weeks": -6.098134503840724,
        "1 month": -9.461910519951635,
        "2 months": -3.1840956844997645,
        "6 months": -6.00972854228777,
        "1 year": 8.064225148836378
    },
    "stats_quantity_trend": {
        "Slight:mean": 767919.6234817813,
        "Slight:median": 629142.5
    }
}