{
    "stats_90_day_close_price": {
        "min": 144.4,
        "max": 171.5,
        "mean": 158.4818965517242
    },
    "stats_vwap_by_month": {
        "2017-05": 429.60077498341957,
        "2017-06": 409.6881615648091,
        "2017-07": 404.8601533429367,
        "2017-08": 388.52760891848385,
        "2017-09": 376.2680368068049,
        "2017-10": 383.83283223590263,
        "2017-11": 402.29114776816965,
        "2017-12": 332.76245917488313,
        "2018-01": 189.12115803551745,
        "2018-02": 190.2400124024565,
        "2018-03": 203.28546944906682,
        "2018-04": 203.5827647747526,
        "2018-05": 180.3531810731223,
        "2018-06": 170.53529472628023,
        "2018-07": 164.06754119516768,
        "2018-08": 159.4233881062378,
        "2018-09": 151.9983870781,
        "2018-10": 141.7990738413785,
        "2018-11": 152.08455366838558,
        "2018-12": 150.47212994307677,
        "2019-01": 161.36158061021817,
        "2019-02": 151.62862511272087,
        "2019-03": 162.51792957404277,
        "2019-04": 164.20527368289098,
        "2019-05": 148.16639654177288
    },
    "stats_average_price": {
        "1 week": 147.25,
        "2 weeks": 148.70000000000002,
        "1 month": 153.93529411764706,
        "2 months": 159.68378378378375,
        "6 months": 156.07499999999993,
        "1 year": 157.36463414634142
    },
    "stats_profit_loss_percentage": {
        "1 week": -2.8917283120376487,
        "2 weeks": -5.373525557011789,
        "1 month": -13.064419024683918,
        "2 months": -12.670093740550342,
        "6 months": -3.572621035058427,
        "1 year": -19.688542825361516
    },
    "stats_quantity_trend": {
        "Slight positive:mean": 1212450.0909090908,
        "Slight positive:median": 1154430.0,
        "Negative:mean": 1397633.9905660378,
        "Negative:median": 1020055.5,
        "Bear drop:mean": 5183584.0,
        "Bear drop:median": 5183584.0,
        "Slight negative:mean": 1325472.7,
        "Slight negative:median": 983432.5,
        "Slight:mean": 1059829.9473684211,
        "Slight:median": 860246.0,
        "Positive:mean": 1536793.6179775281,
        "Positive:median": 1200856.0,
        "Bull run:mean": 1997695.0,
        "Bull run:median": 1997695.0,
        "Among top gainers:mean": 2858291.0,
        "Among top gainers:median": 2193173.0,
        "Among top losers:mean": 2320207.846153846,
        "Among top losers:median": 1182769.0
    }
}