{
    "stats_90_day_close_price": {
        "min": 663.35,
        "max": 753.2,
        "mean": 723.4749999999999
    },
    "stats_vwap_by_month": {
        "2017-05": 966.3846849395464,
        "2017-06": 918.1404674860541,
        "2017-07": 958.8909436956199,
        "2017-08": 926.7591630560448,
        "2017-09": 917.2671592092378,
        "2017-10": 908.2764411675438,
        "2017-11": 869.4116789649725,
        "2017-12": 892.2344053822411,
        "2018-01": 929.7362952208867,
        "2018-02": 828.390160635179,
        "2018-03": 743.7099371015788,
        "2018-04": 743.220845150525,
        "2018-05": 731.958054831167,
        "2018-06": 673.6898027716865,
        "2018-07": 655.0405259234324,
        "2018-08": 717.9638540908837,
        "2018-09": 729.9125155426818,
        "2018-10": 698.7267251584949,
        "2018-11": 786.7313585654596,
        "2018-12": 818.776374367758,
        "2019-01": 837.5274081224161,
        "2019-02": 726.7548094443317,
        "2019-03": 737.0366429539544,
        "2019-04": 734.7016153153238,
        "2019-05": 702.791277237142
    },
    "stats_average_price": {
        "1 week": 699.0,
        "2 weeks": 705.8166666666667,
        "1 month": 721.1529411764706,
        "2 months": 730.1864864864864,
        "6 months": 768.3591666666667,
        "1 year": 733.0111788617888
    },
    "stats_profit_loss_percentage": {
        "1 week": -1.7066059873426724,
        "2 weeks": -4.885433152136517,
        "1 month": -7.963246554364481,
        "2 months": -6.721101288885898,
        "6 months": -15.409093690716599,
        "1 year": -9.736189108005755
    },
    "stats_quantity_trend": {
        "Slight:mean": 427772.4068825911,
        "Slight:median": 332016.0
    }
}