{
    "stats_90_day_close_price": {
        "min": 110.95,
        "max": 172.65,
        "mean": 138.92327586206895
    },
    "stats_vwap_by_month": {
        "2017-05": 410.9293821077775,
        "2017-06": 441.703891387863,
        "2017-07": 453.7473464770421,
        "2017-08": 465.55843148856536,
        "2017-09": 558.0124040688289,
        "2017-10": 579.3090584153589,
        "2017-11": 633.7045008173695,
        "2017-12": 594.6119904258808,
        "2018-01": 603.3035884824653,
        "2018-02": 538.206528810304,
        "2018-03": 509.40322096253027,
        "2018-04": 582.0975232244723,
        "2018-05": 622.2980899327837,
        "2018-06": 625.7705053739618,
        "2018-07": 616.1730678489209,
        "2018-08": 639.7167685604284,
        "2018-09": 358.21611186601183,
        "2018-10": 238.28558951512466,
        "2018-11": 226.68307304068955,
        "2018-12": 226.07904157325444,
        "2019-01": 178.99353456433334,
        "2019-02": 120.2068461978046,
        "2019-03": 139.46275448893422,
        "2019-04": 156.4255695273634,
        "2019-05": 122.70639525590032
    },
    "stats_average_price": {
        "1 week": 115.25,
        "2 weeks": 124.39444444444445,
        "1 month": 136.92058823529413,
        "2 months": 143.1243243243243,
        "6 months": 173.09416666666672,
        "1 year": 350.30142276422737
    },
    "stats_profit_loss_percentage": {
        "1 week": -4.845626072041159,
        "2 weeks": -17.90603033666297,
        "1 month": -33.64234449760765,
        "2 months": -16.074130105900142,
        "6 months": -54.59382033967668,
        "1 year": -82.2536788227767
    },
    "stats_quantity_trend": {
        "Slight:mean": 1.072643210931174E7,
        "Slight:median": 5051765.0
    }
}