{
    "stats_90_day_close_price": {
        "min": 204.95,
        "max": 230.5,
        "mean": 218.18275862068955
    },
    "stats_vwap_by_month": {
        "2017-05": 233.36908385544444,
        "2017-06": 222.44042943816885,
        "2017-07": 220.39784717462197,
        "2017-08": 206.55432643287162,
        "2017-09": 214.22645628571541,
        "2017-10": 206.06745231320284,
        "2017-11": 203.9758223348566,
        "2017-12": 211.4147434817094,
        "2018-01": 226.06238724812746,
        "2018-02": 209.99608114425914,
        "2018-03": 214.5753767348444,
        "2018-04": 239.75230580128186,
        "2018-05": 260.3407710319237,
        "2018-06": 253.18196204137442,
        "2018-07": 268.1604386237095,
        "2018-08": 283.1382147283184,
        "2018-09": 269.63855330084647,
        "2018-10": 255.77978954517863,
        "2018-11": 250.94466135263815,
        "2018-12": 261.44956031933566,
        "2019-01": 239.36530498762812,
        "2019-02": 215.34988928644086,
        "2019-03": 224.43233275116526,
        "2019-04": 217.15369197577988,
        "2019-05": 212.1359999600854
    },
    "stats_average_price": {
        "1 week": 209.76,
        "2 weeks": 211.94999999999996,
        "1 month": 215.53235294117647,
        "2 months": 218.38783783783782,
        "6 months": 233.66416666666666,
        "1 year": 249.39491869918706
    },
    "stats_profit_loss_percentage": {
        "1 week": -2.2807430049376887,
        "2 weeks": -2.965211300490308,
        "1 month": -8.17498895271763,
        "2 months": -9.51447855432179,
        "6 months": -16.479099678456592,
        "1 year": -19.690821256038642
    },
    "stats_quantity_trend": {
        "Slight positive:mean": 1910025.5925925926,
        "Slight positive:median": 1787556.5,
        "Negative:mean": 2057345.906542056,
        "Negative:median": 1661614.0,
        "Slight negative:mean": 1591303.9487179487,
        "Slight negative:median": 1366353.0,
        "Slight:mean": 1552818.0247933883,
        "Slight:median": 1443148.0,
        "Positive:mean": 2093175.4845360825,
        "Positive:median": 1824125.0,
        "Among top gainers:mean": 3626681.611111111,
        "Among top gainers:median": 2979203.0,
        "Among top losers:mean": 2948408.8421052634,
        "Among top losers:median": 2153736.0
    }
}