{
    "stats_90_day_close_price": {
        "min": 14.6,
        "max": 20.0,
        "mean": 17.21379310344827
    },
    "stats_vwap_by_month": {
        "2017-05": 16.087071098513977,
        "2017-06": 18.704288542970755,
        "2017-07": 18.603224079977732,
        "2017-08": 17.55461691777674,
        "2017-09": 17.238361582219998,
        "2017-10": 17.571607605877908,
        "2017-11": 18.043155776456363,
        "2017-12": 19.607752703404476,
        "2018-01": 22.544075705283667,
        "2018-02": 19.416591367981596,
        "2018-03": 17.55932395803369,
        "2018-04": 20.000268606070087,
        "2018-05": 18.305781859804156,
        "2018-06": 16.115940059749548,
        "2018-07": 17.58664596266379,
        "2018-08": 19.069862984221295,
        "2018-09": 17.768872443674272,
        "2018-10": 16.151830385947886,
        "2018-11": 16.369972151949035,
        "2018-12": 15.772470128912564,
        "2019-01": 16.00814484983308,
        "2019-02": 15.222940199156863,
        "2019-03": 18.341013765998124,
        "2019-04": 18.359574156563202,
        "2019-05": 16.09639137568715
    },
    "stats_average_price": {
        "1 week": 15.86,
        "2 weeks": 16.177777777777777,
        "1 month": 16.923529411764708,
        "2 months": 17.77297297297297,
        "6 months": 16.51291666666667,
        "1 year": 16.905487804878046
    },
    "stats_profit_loss_percentage": {
        "1 week": -4.374999999999996,
        "2 weeks": -8.108108108108096,
        "1 month": -17.74193548387097,
        "2 months": -9.734513274336274,
        "6 months": -5.263157894736829,
        "1 year": -15.46961325966851
    },
    "stats_quantity_trend": {
        "Slight positive:mean": 2.6580831266666666E7,
        "Slight positive:median": 2.00766885E7,
        "Negative:mean": 3.0399604655462183E7,
        "Negative:median": 2.5962156E7,
        "Bear drop:mean": 7.690705785714285E7,
        "Bear drop:median": 5.069397E7,
        "Slight negative:mean": 2.372770542857143E7,
        "Slight negative:median": 2.0709764E7,
        "Slight:mean": 2.393194976470588E7,
        "Slight:median": 1.8915554E7,
        "Positive:mean": 3.1527170925531916E7,
        "Positive:median": 2.5282971E7,
        "Bull run:mean": 1.484079568888889E8,
        "Bull run:median": 1.29338963E8,
        "Among top gainers:mean": 5.385596526415094E7,
        "Among top gainers:median": 4.5594193E7,
        "Among top losers:mean": 3.5751071625E7,
        "Among top losers:median": 3.02120975E7
    }
}