{
    "stats_90_day_close_price": {
        "min": 14.6,
        "max": 20.0,
        "mean": 17.21379310344827
    },
    "stats_vwap_by_month": {
        "2017-05": 16.087071098513977,
        "2017-06": 18.704288542970755,
        "2017-07": 18.603224079977732,
        "2017-08": 17.55461691777674,
        "2017-09": 17.238361582219998,
        "2017-10": 17.571607605877908,
        "2017-11": 18.043155776456363,
        "2017-12": 19.607752703404476,
        "2018-01": 22.544075705283667,
        "2018-02": 19.416591367981596,
        "2018-03": 17.55932395803369,
        "2018-04": 20.000268606070087,
        "2018-05": 18.305781859804156,
        "2018-06": 16.115940059749548,
        "2018-07": 17.58664596266379,
        "2018-08": 19.069862984221295,
        "2018-09": 17.768872443674272,
        "2018-10": 16.151830385947886,
        "2018-11": 16.369972151949035,
        "2018-12": 15.772470128912564,
        "2019-01": 16.00814484983308,
        "2019-02": 15.222940199156863,
        "2019-03": 18.341013765998124,
        "2019-04": 18.359574156563202,
        "2019-05": 16.09639137568715
    },
    "stats_average_price": {
        "1 week": 15.86,
        "2 weeks": 16.177777777777777,
        "1 month": 16.923529411764708,
        "2 months": 17.77297297297297,
        "6 months": 16.51291666666667,
        "1 year": 16.905487804878046
    },
    "stats_profit_loss_percentage": {
        "1 week": -4.374999999999996,
        "2 weeks": -8.108108108108096,
        "1 month": -17.74193548387097,
        "2 months": -9.734513274336274,
        "6 months": -5.263157894736829,
        "1 year": -15.46961325966851
    },
    "stats_quantity_trend": {
        "Slight:mean": 3.445312524089069E7,
        "Slight:median": 2.57412835E7
    }
}