{
    "stats_90_day_close_price": {
        "min": 452.45,
        "max": 542.5,
        "mean": 510.3310344827586
    },
    "stats_vwap_by_month": {
        "2017-05": 581.7489374151755,
        "2017-06": 627.3938791382473,
        "2017-07": 669.8555614247418,
        "2017-08": 607.8189726621465,
        "2017-09": 610.0569073368584,
        "2017-10": 597.0113837443554,
        "2017-11": 567.1290907670228,
        "2017-12": 590.0024904720663,
        "2018-01": 622.2315900792942,
        "2018-02": 552.9910905407207,
        "2018-03": 541.7471075384702,
        "2018-04": 571.1370855458314,
        "2018-05": 583.522631970326,
        "2018-06": 603.1962206264253,
        "2018-07": 611.1106085349434,
        "2018-08": 623.5338185430886,
        "2018-09": 567.9182280487273,
        "2018-10": 472.469805004347,
        "2018-11": 508.21584505210154,
        "2018-12": 540.3268060354437,
        "2019-01": 526.9842989172586,
        "2019-02": 489.2732536862217,
        "2019-03": 522.4305073155807,
        "2019-04": 523.6976639579977,
        "2019-05": 481.9469859585914
    },
    "stats_average_price": {
        "1 week": 471.07,
        "2 weeks": 487.1833333333334,
        "1 month": 499.97941176470596,
        "2 months": 517.918918918919,
        "6 months": 518.7854166666667,
        "1 year": 544.5288617886182
    },
    "stats_profit_loss_percentage": {
        "1 week": -6.576502168077643,
        "2 weeks": -12.034606785262959,
        "1 month": -14.615965276467257,
        "2 months": -15.327032843641813,
        "6 months": -11.179819395367097,
        "1 year": -23.4109183241642
    },
    "stats_quantity_trend": {
        "Slight positive:mean": 454815.52,
        "Slight positive:median": 387479.5,
        "Negative:mean": 453606.9716981132,
        "Negative:median": 348286.0,
        "Slight negative:mean": 371313.85714285716,
        "Slight negative:median": 286411.0,
        "Slight:mean": 386467.9655172414,
        "Slight:median": 340927.0,
        "Positive:mean": 549305.5520833334,
        "Positive:median": 463590.5,
        "Bull run:mean": 3918438.0,
        "Bull run:median": 3918438.0,
        "Among top gainers:mean": 678243.25,
        "Among top gainers:median": 605678.5,
        "Among top losers:mean": 575951.1176470588,
        "Among top losers:median": 562032.0
    }
}