{
    "stats_90_day_close_price": {
        "min": 34.45,
        "max": 46.65,
        "mean": 42.8396551724138
    },
    "stats_vwap_by_month": {
        "2017-05": 66.7475090767918,
        "2017-06": 57.33343625810254,
        "2017-07": 57.95081193789013,
        "2017-08": 54.73842005156003,
        "2017-09": 55.28902957674465,
        "2017-10": 62.39377993597979,
        "2017-11": 62.28342986846599,
        "2017-12": 59.513587998646116,
        "2018-01": 63.27660722160059,
        "2018-02": 70.65738044482443,
        "2018-03": 75.93143281995013,
        "2018-04": 70.81812703535333,
        "2018-05": 65.07639618343788,
        "2018-06": 57.4576184869906,
        "2018-07": 55.80922227653923,
        "2018-08": 61.83207802431637,
        "2018-09": 56.2959141237359,
        "2018-10": 57.94632376488953,
        "2018-11": 60.26357590288541,
        "2018-12": 60.98625748095233,
        "2019-01": 59.61796419511597,
        "2019-02": 44.83878378407393,
        "2019-03": 44.08053363478315,
        "2019-04": 43.90063193204744,
        "2019-05": 37.61664876337992
    },
    "stats_average_price": {
        "1 week": 36.69,
        "2 weeks": 37.93333333333333,
        "1 month": 40.438235294117646,
        "2 months": 42.31891891891892,
        "6 months": 50.83666666666667,
        "1 year": 55.0317073170732
    },
    "stats_profit_loss_percentage": {
        "1 week": -7.516778523489926,
        "2 weeks": -12.452350698856412,
        "1 month": -21.61547212741752,
        "2 months": -19.50934579439251,
        "6 months": -43.29218106995884,
        "1 year": -45.57661927330173
    },
    "stats_quantity_trend": {
        "Slight positive:mean": 8215072.216216216,
        "Slight positive:median": 3192065.0,
        "Negative:mean": 9512239.647727273,
        "Negative:median": 4958872.0,
        "Bear drop:mean": 2.060242057142857E7,
        "Bear drop:median": 1.1608561E7,
        "Slight negative:mean": 6127912.326530612,
        "Slight negative:median": 3708418.0,
        "Slight:mean": 7407203.0390625,
        "Slight:median": 3783307.0,
        "Positive:mean": 1.1500809670588234E7,
        "Positive:median": 7104951.0,
        "Bull run:mean": 4.5635137875E7,
        "Bull run:median": 3.76669025E7,
        "Among top gainers:mean": 2.4935234794871796E7,
        "Among top gainers:median": 1.5700229E7,
        "Among top losers:mean": 1.521552679245283E7,
        "Among top losers:median": 8993018.0
    }
}