{
    "stats_90_day_close_price": {
        "min": 273.55,
        "max": 327.2,
        "mean": 301.191379310345
    },
    "stats_vwap_by_month": {
        "2017-05": 1016.4207858812803,
        "2017-06": 1080.961823651879,
        "2017-07": 1136.9525162315838,
        "2017-08": 1243.2862782209497,
        "2017-09": 1411.2845269674258,
        "2017-10": 1534.7196978679813,
        "2017-11": 383.6721081397292,
        "2017-12": 327.8642634949635,
        "2018-01": 318.8909111322366,
        "2018-02": 298.0025046956707,
        "2018-03": 296.56943562420963,
        "2018-04": 291.62823871757547,
        "2018-05": 264.72315629233884,
        "2018-06": 264.142652142116,
        "2018-07": 277.75678228470167,
        "2018-08": 295.08316503274517,
        "2018-09": 263.8498082956219,
        "2018-10": 241.18362995876214,
        "2018-11": 273.48470458051247,
        "2018-12": 258.0939415410194,
        "2019-01": 276.9767010960842,
        "2019-02": 287.707144970309,
        "2019-03": 299.0781934981783,
        "2019-04": 313.0212525207811,
        "2019-05": 308.693969651861
    },
    "stats_average_price": {
        "1 week": 308.71,
        "2 weeks": 308.9944444444444,
        "1 month": 312.22058823529414,
        "2 months": 308.2972972972973,
        "6 months": 285.23458333333315,
        "1 year": 276.0315040650405
    },
    "stats_profit_loss_percentage": {
        "1 week": -4.126881372390354,
        "2 weeks": -5.306905370843997,
        "1 month": -7.955251709136116,
        "2 months": 1.8394361354650044,
        "6 months": 8.957145484642252,
        "1 year": 9.927630358136946
    },
    "stats_quantity_trend": {
        "Slight:mean": 1808200.9553752535,
        "Slight:median": 1574735.0,
        "Slight negative:mean": 2378295.0,
        "Slight negative:median": 2378295.0
    }
}