{
    "stats_90_day_close_price": {
        "min": 138.65,
        "max": 189.35,
        "mean": 168.25431034482756
    },
    "stats_vwap_by_month": {
        "2017-05": 115.43651543621712,
        "2017-06": 122.48210312907302,
        "2017-07": 140.89070976623313,
        "2017-08": 137.79763689504279,
        "2017-09": 143.09103721109045,
        "2017-10": 158.4548364114713,
        "2017-11": 168.51763043396502,
        "2017-12": 179.90856491184093,
        "2018-01": 259.8306158729981,
        "2018-02": 259.222528076616,
        "2018-03": 228.51707241033563,
        "2018-04": 243.96621103284554,
        "2018-05": 245.13449649780256,
        "2018-06": 230.26882037532496,
        "2018-07": 202.39873477904914,
        "2018-08": 208.32553723049423,
        "2018-09": 222.9835798568879,
        "2018-10": 174.86412863678783,
        "2018-11": 170.1709150075968,
        "2018-12": 157.42919518059398,
        "2019-01": 144.7804198142718,
        "2019-02": 144.6095315149893,
        "2019-03": 168.463804707483,
        "2019-04": 179.9964541667448,
        "2019-05": 169.65946860776407
    },
    "stats_average_price": {
        "1 week": 164.02,
        "2 weeks": 170.43888888888887,
        "1 month": 174.05588235294118,
        "2 months": 174.5608108108108,
        "6 months": 159.53958333333333,
        "1 year": 184.91910569105687
    },
    "stats_profit_loss_percentage": {
        "1 week": -8.83047844063793,
        "2 weeks": -13.335204941044356,
        "1 month": -17.216411906677394,
        "2 months": -7.21370604147881,
        "6 months": -14.93524386883439,
        "1 year": -40.50876854885334
    },
    "stats_quantity_trend": {
        "Slight:mean": 1.0161809293522267E7,
        "Slight:median": 9092179.0
    }
}