{
    "stats_90_day_close_price": {
        "min": 1242.6,
        "max": 1466.6,
        "mean": 1348.9931034482763
    },
    "stats_vwap_by_month": {
        "2017-05": 950.394555245974,
        "2017-06": 940.2413876378408,
        "2017-07": 1242.4653725209914,
        "2017-08": 1345.873044688835,
        "2017-09": 1386.5593902594255,
        "2017-10": 1559.8835866130687,
        "2017-11": 1722.3669354329015,
        "2017-12": 1718.9930981809175,
        "2018-01": 2090.1827987663964,
        "2018-02": 2001.9634737780896,
        "2018-03": 2191.806387994879,
        "2018-04": 2454.8443808459456,
        "2018-05": 2538.895216716509,
        "2018-06": 2171.1905685285546,
        "2018-07": 1416.5045644626512,
        "2018-08": 1496.4044120372632,
        "2018-09": 1342.0649987487125,
        "2018-10": 1144.3364801419928,
        "2018-11": 1155.1980790612101,
        "2018-12": 1265.7657477460164,
        "2019-01": 1214.5456454386244,
        "2019-02": 1313.839067513094,
        "2019-03": 1378.262288119041,
        "2019-04": 1380.1155239028787,
        "2019-05": 1292.6385157382074
    },
    "stats_average_price": {
        "1 week": 1264.1200000000001,
        "2 weeks": 1291.2444444444445,
        "1 month": 1314.8676470588234,
        "2 months": 1371.9689189189191,
        "6 months": 1298.0887499999997,
        "1 year": 1462.6223577235776
    },
    "stats_profit_loss_percentage": {
        "1 week": -3.0922207057906097,
        "2 weeks": -6.46593902898006,
        "1 month": -9.325744308231187,
        "2 months": -7.4895771292436075,
        "6 months": 4.201257861635212,
        "1 year": -49.02781196160473
    },
    "stats_quantity_trend": {
        "Slight positive:mean": 968342.649122807,
        "Slight positive:median": 820538.0,
        "Negative:mean": 1277589.6761904762,
        "Negative:median": 1039517.0,
        "Bear drop:mean": 3104379.5,
        "Bear drop:median": 3051149.5,
        "Slight negative:mean": 1031923.8604651163,
        "Slight negative:median": 682064.0,
        "Slight:mean": 1116732.9824561405,
        "Slight:median": 865271.5,
        "Positive:mean": 1364358.4761904762,
        "Positive:median": 1172295.0,
        "Bull run:mean": 6130196.25,
        "Bull run:median": 6155149.0,
        "Among top gainers:mean": 2036204.625,
        "Among top gainers:median": 1748060.5,
        "Among top losers:mean": 2036602.5,
        "Among top losers:median": 1587280.0
    }
}