{
    "stats_90_day_close_price": {
        "min": 868.6,
        "max": 989.4,
        "mean": 944.1810344827586
    },
    "stats_vwap_by_month": {
        "2017-05": 521.536613582798,
        "2017-06": 532.7001710485507,
        "2017-07": 512.7867777815777,
        "2017-08": 467.86375931949317,
        "2017-09": 457.98569445153646,
        "2017-10": 488.7227288634095,
        "2017-11": 516.6764564462603,
        "2017-12": 569.6711830600254,
        "2018-01": 703.1924252990026,
        "2018-02": 761.7106709395425,
        "2018-03": 806.9636810504207,
        "2018-04": 941.0238849296368,
        "2018-05": 1019.8795016175494,
        "2018-06": 992.717871290802,
        "2018-07": 1000.2656160711025,
        "2018-08": 1018.7592687086022,
        "2018-09": 1122.4386159579321,
        "2018-10": 870.6978131842509,
        "2018-11": 841.9535212281539,
        "2018-12": 861.5232786267934,
        "2019-01": 872.2395972564887,
        "2019-02": 898.6270361576755,
        "2019-03": 940.6848288220201,
        "2019-04": 966.1577214763812,
        "2019-05": 980.0758487814687
    },
    "stats_average_price": {
        "1 week": 979.07,
        "2 weeks": 978.8833333333334,
        "1 month": 978.0470588235294,
        "2 months": 963.8837837837839,
        "6 months": 902.8854166666662,
        "1 year": 949.615650406504
    },
    "stats_profit_loss_percentage": {
        "1 week": -0.08673911934282594,
        "2 weeks": -0.21910828025477475,
        "1 month": -0.05614249987239876,
        "2 months": 3.345999577791856,
        "6 months": 16.504045692527374,
        "1 year": -1.5089025248968915
    },
    "stats_quantity_trend": {
        "Slight positive:mean": 1308610.0222222223,
        "Slight positive:median": 1046434.0,
        "Negative:mean": 1337231.7280701755,
        "Negative:median": 1005798.0,
        "Bear drop:mean": 1.11391745E7,
        "Bear drop:median": 1.11391745E7,
        "Slight negative:mean": 1024757.6046511628,
        "Slight negative:median": 762140.0,
        "Slight:mean": 886814.8943661972,
        "Slight:median": 760205.0,
        "Positive:mean": 1490484.4226804124,
        "Positive:median": 1219984.0,
        "Bull run:mean": 5893130.666666667,
        "Bull run:median": 5782802.5,
        "Among top gainers:mean": 2577385.6,
        "Among top gainers:median": 1787215.0,
        "Among top losers:mean": 1674413.2666666666,
        "Among top losers:median": 1729223.0
    }
}