{
    "stats_90_day_close_price": {
        "min": 62.55,
        "max": 74.6,
        "mean": 69.61293103448276
    },
    "stats_vwap_by_month": {
        "2017-05": 132.49863403783772,
        "2017-06": 126.219512780742,
        "2017-07": 123.19355812622574,
        "2017-08": 128.8797663999508,
        "2017-09": 131.7597803223035,
        "2017-10": 133.6691711515475,
        "2017-11": 127.79381331912971,
        "2017-12": 124.87674491838227,
        "2018-01": 130.05266188456827,
        "2018-02": 118.566820206263,
        "2018-03": 114.29133768080797,
        "2018-04": 109.41981911879938,
        "2018-05": 101.34222366794901,
        "2018-06": 87.56899895442793,
        "2018-07": 79.58431490935504,
        "2018-08": 82.67894214985488,
        "2018-09": 75.28293593120978,
        "2018-10": 74.91932495689576,
        "2018-11": 79.7774850933577,
        "2018-12": 74.11820473217092,
        "2019-01": 70.12652048399265,
        "2019-02": 64.46717385533775,
        "2019-03": 72.64488964001006,
        "2019-04": 71.06331389183458,
        "2019-05": 66.05411370905706
    },
    "stats_average_price": {
        "1 week": 65.37,
        "2 weeks": 67.84999999999998,
        "1 month": 69.1735294117647,
        "2 months": 71.1162162162162,
        "6 months": 70.78083333333339,
        "1 year": 77.11239837398365
    },
    "stats_profit_loss_percentage": {
        "1 week": -8.819241982507284,
        "2 weeks": -12.943632567849683,
        "1 month": -11.839323467230452,
        "2 months": -14.840027229407768,
        "6 months": -22.920517560073947,
        "1 year": -41.32270168855535
    },
    "stats_quantity_trend": {
        "Slight positive:mean": 1533486.3396226414,
        "Slight positive:median": 1120464.0,
        "Negative:mean": 1386031.9487179487,
        "Negative:median": 1160697.0,
        "Bear drop:mean": 5504344.25,
        "Bear drop:median": 5508312.5,
        "Slight negative:mean": 1356155.6981132075,
        "Slight negative:median": 929323.0,
        "Slight:mean": 1272079.1300813009,
        "Slight:median": 988847.0,
        "Positive:mean": 1629196.038961039,
        "Positive:median": 1355457.0,
        "Bull run:mean": 4619507.0,
        "Bull run:median": 4479203.0,
        "Among top gainers:mean": 3413600.870967742,
        "Among top gainers:median": 2233071.0,
        "Among top losers:mean": 2569966.6875,
        "Among top losers:median": 1821635.0
    }
}