{
    "stats_90_day_close_price": {
        "min": 511.1,
        "max": 617.1,
        "mean": 578.7163793103448
    },
    "stats_vwap_by_month": {
        "2017-05": 388.68932652971466,
        "2017-06": 447.98250803465214,
        "2017-07": 465.5392329921828,
        "2017-08": 458.92448477467053,
        "2017-09": 494.80272500269706,
        "2017-10": 490.4650937640961,
        "2017-11": 468.02669733402774,
        "2017-12": 447.86109817494076,
        "2018-01": 443.88934374900066,
        "2018-02": 404.6876228509653,
        "2018-03": 390.99937220327035,
        "2018-04": 432.7212294991332,
        "2018-05": 417.2995172997313,
        "2018-06": 384.8854659495283,
        "2018-07": 402.05021961084987,
        "2018-08": 411.6192961257395,
        "2018-09": 442.2513107391608,
        "2018-10": 397.2775340170212,
        "2018-11": 450.6389972939854,
        "2018-12": 471.87074167772425,
        "2019-01": 519.9036654489516,
        "2019-02": 515.7623642752716,
        "2019-03": 590.291753438496,
        "2019-04": 605.8798960535607,
        "2019-05": 570.0321699959787
    },
    "stats_average_price": {
        "1 week": 562.9300000000001,
        "2 weeks": 577.7277777777778,
        "1 month": 586.785294117647,
        "2 months": 596.9635135135136,
        "6 months": 534.8004166666666,
        "1 year": 470.0926829268292
    },
    "stats_profit_loss_percentage": {
        "1 week": -3.3810028248587534,
        "2 weeks": -8.333333333333332,
        "1 month": -10.382379431753048,
        "2 months": -8.317976210420502,
        "6 months": 17.04630520799914,
        "1 year": 26.64892386021754
    },
    "stats_quantity_trend": {
        "Slight positive:mean": 694384.02,
        "Slight positive:median": 576337.5,
        "Negative:mean": 832138.018018018,
        "Negative:median": 635070.0,
        "Bear drop:mean": 1350410.0,
        "Bear drop:median": 1350410.0,
        "Slight negative:mean": 728369.4038461539,
        "Slight negative:median": 534778.0,
        "Slight:mean": 663253.2564102564,
        "Slight:median": 556238.0,
        "Positive:mean": 901825.1290322581,
        "Positive:median": 779013.0,
        "Bull run:mean": 6406215.6,
        "Bull run:median": 3176911.0,
        "Among top gainers:mean": 1634979.3243243243,
        "Among top gainers:median": 1231070.0,
        "Among top losers:mean": 1325733.0,
        "Among top losers:median": 1050353.5
    }
}