{
    "stats_90_day_close_price": {
        "min": 48.95,
        "max": 67.6,
        "mean": 58.938793103448255
    },
    "stats_vwap_by_month": {
        "2017-05": 192.64983327915465,
        "2017-06": 203.46783789304482,
        "2017-07": 210.4609634343273,
        "2017-08": 207.8112499422476,
        "2017-09": 215.06796216820155,
        "2017-10": 246.2779252828096,
        "2017-11": 272.15833612645855,
        "2017-12": 252.73448697030443,
        "2018-01": 241.1775173483966,
        "2018-02": 206.3600957344612,
        "2018-03": 194.17821727053226,
        "2018-04": 180.68778698080408,
        "2018-05": 97.3483084016065,
        "2018-06": 82.29253817896146,
        "2018-07": 67.33772310054918,
        "2018-08": 74.39330154529435,
        "2018-09": 66.45808868455806,
        "2018-10": 54.35539396408615,
        "2018-11": 60.14773887728206,
        "2018-12": 54.831904514018646,
        "2019-01": 59.463570014217254,
        "2019-02": 52.08597598283041,
        "2019-03": 63.38900418039386,
        "2019-04": 61.75959357441949,
        "2019-05": 56.31364908717412
    },
    "stats_average_price": {
        "1 week": 54.739999999999995,
        "2 weeks": 56.3,
        "1 month": 58.21764705882354,
        "2 months": 61.2554054054054,
        "6 months": 57.69833333333334,
        "1 year": 64.88252032520323
    },
    "stats_profit_loss_percentage": {
        "1 week": -6.400000000000003,
        "2 weeks": -9.145815358067306,
        "1 month": -16.028708133971296,
        "2 months": -19.923954372623577,
        "6 months": -12.97520661157025,
        "1 year": -46.43947100712106
    },
    "stats_quantity_trend": {
        "Slight:mean": 4571570.064777328,
        "Slight:median": 3016729.0
    }
}