{
    "stats_90_day_close_price": {
        "min": 69.0,
        "max": 98.3,
        "mean": 85.24827586206894
    },
    "stats_vwap_by_month": {
        "2017-05": 158.52915464758706,
        "2017-06": 146.14459417104464,
        "2017-07": 152.84429782688883,
        "2017-08": 147.58398172232774,
        "2017-09": 139.95192718716646,
        "2017-10": 193.00503853643576,
        "2017-11": 193.09814061940924,
        "2017-12": 173.15800114023446,
        "2018-01": 177.4254220414602,
        "2018-02": 119.84337601760483,
        "2018-03": 97.92824911229704,
        "2018-04": 98.45268445240723,
        "2018-05": 82.94494880254581,
        "2018-06": 84.12732726590896,
        "2018-07": 79.28249503138433,
        "2018-08": 84.40468820989096,
        "2018-09": 74.2825597373297,
        "2018-10": 66.53749496325185,
        "2018-11": 70.89196241134285,
        "2018-12": 73.08388857423067,
        "2019-01": 80.11727845910826,
        "2019-02": 72.40784071677274,
        "2019-03": 88.4354462603283,
        "2019-04": 92.63068023322552,
        "2019-05": 84.37165678494675
    },
    "stats_average_price": {
        "1 week": 83.64,
        "2 weeks": 84.73333333333332,
        "1 month": 86.84705882352941,
        "2 months": 90.15135135135134,
        "6 months": 80.06958333333333,
        "1 year": 79.04126016260162
    },
    "stats_profit_loss_percentage": {
        "1 week": -4.943418701608106,
        "2 weeks": -6.007067137809196,
        "1 month": -14.9706979222163,
        "2 months": -7.263219058686811,
        "6 months": 12.157413914265623,
        "1 year": -10.638297872340425
    },
    "stats_quantity_trend": {
        "Slight:mean": 2.5156506317813765E7,
        "Slight:median": 1.8963362E7
    }
}