{
    "stats_90_day_close_price": {
        "min": 546.65,
        "max": 684.3,
        "mean": 637.0931034482757
    },
    "stats_vwap_by_month": {
        "2017-05": 527.5773757981691,
        "2017-06": 524.7377928179549,
        "2017-07": 531.152862894209,
        "2017-08": 524.5995650244138,
        "2017-09": 527.1244814098345,
        "2017-10": 522.3401887123889,
        "2017-11": 514.4717197101621,
        "2017-12": 512.8943874670574,
        "2018-01": 526.1229437412231,
        "2018-02": 482.8132317449552,
        "2018-03": 468.73428896689876,
        "2018-04": 511.36815540805344,
        "2018-05": 516.5344724807877,
        "2018-06": 544.1147451651426,
        "2018-07": 567.7630205978357,
        "2018-08": 602.1798479450655,
        "2018-09": 573.7707759255164,
        "2018-10": 498.8684823091438,
        "2018-11": 548.3279256662158,
        "2018-12": 569.1374285154425,
        "2019-01": 568.9364253835545,
        "2019-02": 570.9844345345389,
        "2019-03": 644.2858337841117,
        "2019-04": 671.2809672297019,
        "2019-05": 664.5205658887678
    },
    "stats_average_price": {
        "1 week": 663.02,
        "2 weeks": 665.85,
        "1 month": 669.4264705882352,
        "2 months": 664.6175675675676,
        "6 months": 601.4245833333334,
        "1 year": 575.4044715447156
    },
    "stats_profit_loss_percentage": {
        "1 week": -0.96854118177041,
        "2 weeks": -2.85040877955366,
        "1 month": -1.390550239234443,
        "2 months": 1.7511378538918494,
        "6 months": 19.65889503764856,
        "1 year": 27.946454554272954
    },
    "stats_quantity_trend": {
        "Slight:mean": 1470852.6821862347,
        "Slight:median": 1115162.0
    }
}