{
    "stats_90_day_close_price": {
        "min": 99.45,
        "max": 140.25,
        "mean": 125.08534482758618
    },
    "stats_vwap_by_month": {
        "2017-05": 510.9571119920147,
        "2017-06": 486.39273816037934,
        "2017-07": 514.587253423636,
        "2017-08": 498.1718609886246,
        "2017-09": 497.0343716795983,
        "2017-10": 475.89256432109414,
        "2017-11": 454.19454065536524,
        "2017-12": 509.6628028511142,
        "2018-01": 546.6770183796456,
        "2018-02": 451.0462365298812,
        "2018-03": 434.78100741607784,
        "2018-04": 450.4807635526951,
        "2018-05": 413.66005997957114,
        "2018-06": 422.7998300643911,
        "2018-07": 391.0320593543185,
        "2018-08": 429.3764842680819,
        "2018-09": 399.56174506901806,
        "2018-10": 318.6953642032196,
        "2018-11": 352.43488555545696,
        "2018-12": 302.05987960622724,
        "2019-01": 291.17149126427375,
        "2019-02": 129.01402323302383,
        "2019-03": 131.92138617584237,
        "2019-04": 125.59576587584311,
        "2019-05": 104.94466786722029
    },
    "stats_average_price": {
        "1 week": 102.1,
        "2 weeks": 104.96111111111111,
        "1 month": 113.38529411764708,
        "2 months": 124.3243243243243,
        "6 months": 210.32708333333343,
        "1 year": 303.1583333333331
    },
    "stats_profit_loss_percentage": {
        "1 week": 0.19821605550048427,
        "2 weeks": -6.302131603336433,
        "1 month": -23.409090909090914,
        "2 months": -23.205469046714782,
        "6 months": -71.29879347054649,
        "1 year": -74.47936387731919
    },
    "stats_quantity_trend": {
        "Slight:mean": 4895991.406882592,
        "Slight:median": 2588587.5
    }
}