{
    "stats_90_day_close_price": {
        "min": 528.9,
        "max": 641.8,
        "mean": 592.298275862069
    },
    "stats_vwap_by_month": {
        "2017-05": 835.1403618293602,
        "2017-06": 822.7946881397808,
        "2017-07": 819.4036755014545,
        "2017-08": 729.9015342187364,
        "2017-09": 802.362181421075,
        "2017-10": 808.1091456575443,
        "2017-11": 871.4684477935679,
        "2017-12": 941.7576813790558,
        "2018-01": 1041.4301548170538,
        "2018-02": 945.1670343542249,
        "2018-03": 889.0568946039332,
        "2018-04": 882.9719064044345,
        "2018-05": 938.4652498539393,
        "2018-06": 860.3815999505955,
        "2018-07": 779.8958987561929,
        "2018-08": 784.7471707839545,
        "2018-09": 678.6846059955062,
        "2018-10": 637.1164422904573,
        "2018-11": 614.8767069816348,
        "2018-12": 585.4364306446223,
        "2019-01": 543.101015665765,
        "2019-02": 570.008424319782,
        "2019-03": 611.2340683716691,
        "2019-04": 605.5561230723055,
        "2019-05": 543.6474403816192
    },
    "stats_average_price": {
        "1 week": 539.5,
        "2 weeks": 548.6722222222221,
        "1 month": 566.9147058823529,
        "2 months": 591.9216216216216,
        "6 months": 582.815,
        "1 year": 676.810569105691
    },
    "stats_profit_loss_percentage": {
        "1 week": -2.8034839412085004,
        "2 weeks": -6.721811057901615,
        "1 month": -9.845998485231004,
        "2 months": -13.255060728744944,
        "6 months": -10.216225276567222,
        "1 year": -44.391383337658965
    },
    "stats_quantity_trend": {
        "Slight:mean": 1635626.9655870446,
        "Slight:median": 1388760.0
    }
}