{
    "stats_90_day_close_price": {
        "min": 554.85,
        "max": 612.25,
        "mean": 582.9250000000002
    },
    "stats_vwap_by_month": {
        "2017-05": 616.163978310565,
        "2017-06": 617.8076651120009,
        "2017-07": 633.3282471847564,
        "2017-08": 589.8189214418409,
        "2017-09": 626.2567871470774,
        "2017-10": 709.1606872766272,
        "2017-11": 726.9550975816217,
        "2017-12": 726.1657188620444,
        "2018-01": 748.1705223096599,
        "2018-02": 704.2764464887905,
        "2018-03": 681.4526601973035,
        "2018-04": 729.5683425872525,
        "2018-05": 750.603085062695,
        "2018-06": 727.4685405198978,
        "2018-07": 687.8870940234217,
        "2018-08": 710.5020525649579,
        "2018-09": 736.3404577037098,
        "2018-10": 663.0850775451346,
        "2018-11": 695.5824915280649,
        "2018-12": 696.3120410026941,
        "2019-01": 689.4495557579268,
        "2019-02": 585.3862568851628,
        "2019-03": 581.5944658302371,
        "2019-04": 595.9174443768109,
        "2019-05": 592.2824792024959
    },
    "stats_average_price": {
        "1 week": 588.03,
        "2 weeks": 583.9444444444445,
        "1 month": 587.2558823529411,
        "2 months": 590.8527027027029,
        "6 months": 634.345833333333,
        "1 year": 670.802642276423
    },
    "stats_profit_loss_percentage": {
        "1 week": -3.5402684563758426,
        "2 weeks": -0.38984666031361,
        "1 month": -5.869832173557105,
        "2 months": -1.8523260776781945,
        "6 months": -16.378181818181822,
        "1 year": -25.94357851346129
    },
    "stats_quantity_trend": {
        "Slight:mean": 735469.1700404858,
        "Slight:median": 571842.0
    }
}