{
    "stats_90_day_close_price": {
        "min": 62.6,
        "max": 74.4,
        "mean": 69.44310344827585
    },
    "stats_vwap_by_month": {
        "2017-05": 82.13874569310138,
        "2017-06": 80.45217771594805,
        "2017-07": 82.5104166988413,
        "2017-08": 79.46238573627625,
        "2017-09": 81.09646282377592,
        "2017-10": 81.63758731596442,
        "2017-11": 89.70738258503576,
        "2017-12": 91.37904524697258,
        "2018-01": 96.4730617916704,
        "2018-02": 85.80365884168177,
        "2018-03": 80.42919528150013,
        "2018-04": 86.29077800084002,
        "2018-05": 82.41352463387906,
        "2018-06": 75.97220204937709,
        "2018-07": 70.64577438985141,
        "2018-08": 73.08318986380047,
        "2018-09": 73.60168999022763,
        "2018-10": 71.72475718507924,
        "2018-11": 76.22519488500734,
        "2018-12": 79.47374689173508,
        "2019-01": 73.76070332236475,
        "2019-02": 67.1895310961695,
        "2019-03": 71.5080302538511,
        "2019-04": 71.24395744781164,
        "2019-05": 65.14782848464091
    },
    "stats_average_price": {
        "1 week": 63.93000000000001,
        "2 weeks": 65.20555555555555,
        "1 month": 67.12058823529412,
        "2 months": 69.98378378378379,
        "6 months": 72.525,
        "1 year": 72.95995934959345
    },
    "stats_profit_loss_percentage": {
        "1 week": -2.719502719502709,
        "2 weeks": -7.669616519174036,
        "1 month": -12.263489838822696,
        "2 months": -15.176151761517609,
        "6 months": -18.383311603650586,
        "1 year": -23.237277743715506
    },
    "stats_quantity_trend": {
        "Slight:mean": 5897024.125506073,
        "Slight:median": 4756478.0
    }
}