{
    "stats_90_day_close_price": {
        "min": 507.5,
        "max": 629.45,
        "mean": 591.896551724138
    },
    "stats_vwap_by_month": {
        "2017-05": 460.3427860442981,
        "2017-06": 481.9252366680957,
        "2017-07": 490.1540650662411,
        "2017-08": 535.1628687505507,
        "2017-09": 530.5817995652935,
        "2017-10": 535.7417503617847,
        "2017-11": 598.7749416265583,
        "2017-12": 635.6776853976124,
        "2018-01": 626.9521580285457,
        "2018-02": 592.1362761279026,
        "2018-03": 625.0648082505215,
        "2018-04": 637.0288929391767,
        "2018-05": 564.9930259234391,
        "2018-06": 524.9752434496842,
        "2018-07": 549.3341071174306,
        "2018-08": 609.855910640047,
        "2018-09": 574.5526182040485,
        "2018-10": 512.6207876637123,
        "2018-11": 540.7970498890603,
        "2018-12": 559.7551415521276,
        "2019-01": 537.7904926584415,
        "2019-02": 535.1617403324432,
        "2019-03": 607.9594916073743,
        "2019-04": 615.3650113921884,
        "2019-05": 583.1350866889657
    },
    "stats_average_price": {
        "1 week": 580.89,
        "2 weeks": 590.8444444444444,
        "1 month": 603.1617647058823,
        "2 months": 609.2243243243244,
        "6 months": 568.4266666666665,
        "1 year": 559.9591463414636
    },
    "stats_profit_loss_percentage": {
        "1 week": -4.8632471527142735,
        "2 weeks": -5.060560809689729,
        "1 month": -7.969441093687165,
        "2 months": -4.633333333333326,
        "6 months": 3.471971066907784,
        "1 year": -4.017445273840465
    },
    "stats_quantity_trend": {
        "Slight positive:mean": 1268244.3111111112,
        "Slight positive:median": 1102650.0,
        "Negative:mean": 1207527.5423728814,
        "Negative:median": 1098016.5,
        "Slight negative:mean": 1058371.3333333333,
        "Slight negative:median": 906228.0,
        "Slight:mean": 1117060.208,
        "Slight:median": 1053470.0,
        "Positive:mean": 1731500.4807692308,
        "Positive:median": 1315925.0,
        "Bull run:mean": 1.0221879E7,
        "Bull run:median": 1.0221879E7,
        "Among top gainers:mean": 2645802.3,
        "Among top gainers:median": 2271555.0,
        "Among top losers:mean": 2740752.5454545454,
        "Among top losers:median": 1544143.0
    }
}