{
    "stats_90_day_close_price": {
        "min": 109.1,
        "max": 141.2,
        "mean": 126.02241379310347
    },
    "stats_vwap_by_month": {
        "2017-05": 205.92920520186186,
        "2017-06": 190.0989422594827,
        "2017-07": 186.89783917537574,
        "2017-08": 187.4917980138331,
        "2017-09": 193.41499099566127,
        "2017-10": 205.857853821465,
        "2017-11": 225.31909437295676,
        "2017-12": 246.97339143950353,
        "2018-01": 236.7413778130343,
        "2018-02": 230.86858329252863,
        "2018-03": 235.23599273069556,
        "2018-04": 266.4511637806037,
        "2018-05": 263.13950862543794,
        "2018-06": 230.4046845422083,
        "2018-07": 174.31726531745895,
        "2018-08": 142.14366056134924,
        "2018-09": 119.78598459706,
        "2018-10": 108.93462959117475,
        "2018-11": 127.99777503055242,
        "2018-12": 127.8460233203676,
        "2019-01": 129.26054066716165,
        "2019-02": 118.09607873500427,
        "2019-03": 132.4086915549813,
        "2019-04": 131.41732555913555,
        "2019-05": 117.72761258496442
    },
    "stats_average_price": {
        "1 week": 116.69000000000001,
        "2 weeks": 118.18333333333334,
        "1 month": 123.45588235294117,
        "2 months": 127.45540540540539,
        "6 months": 125.82458333333338,
        "1 year": 146.9869918699186
    },
    "stats_profit_loss_percentage": {
        "1 week": -0.8044030482641733,
        "2 weeks": -5.676328502415457,
        "1 month": -9.88461538461538,
        "2 months": -14.769006911604206,
        "6 months": -6.467065868263469,
        "1 year": -56.29546726357023
    },
    "stats_quantity_trend": {
        "Slight:mean": 268143.78340080974,
        "Slight:median": 144757.0
    }
}