{
    "stats_90_day_close_price": {
        "min": 430.2,
        "max": 578.35,
        "mean": 518.9344827586206
    },
    "stats_vwap_by_month": {
        "2017-05": 339.8869669305176,
        "2017-06": 346.78213847945517,
        "2017-07": 334.90052217713975,
        "2017-08": 329.42272808548,
        "2017-09": 377.6098900360917,
        "2017-10": 392.60239153506933,
        "2017-11": 444.17833332934447,
        "2017-12": 480.22370862457916,
        "2018-01": 542.0332884097036,
        "2018-02": 503.5576513865304,
        "2018-03": 572.5836890679597,
        "2018-04": 637.4106971099973,
        "2018-05": 592.2631658343,
        "2018-06": 529.2183951375038,
        "2018-07": 580.416747802538,
        "2018-08": 582.7025545382938,
        "2018-09": 524.3369764895874,
        "2018-10": 492.6967865510089,
        "2018-11": 490.71627512313154,
        "2018-12": 497.26788356775864,
        "2019-01": 476.6349528796726,
        "2019-02": 473.8106263487301,
        "2019-03": 517.1304439677075,
        "2019-04": 559.6416885821402,
        "2019-05": 545.3313174703758
    },
    "stats_average_price": {
        "1 week": 541.3,
        "2 weeks": 551.2444444444444,
        "1 month": 559.1735294117647,
        "2 months": 549.3405405405405,
        "6 months": 499.4883333333332,
        "1 year": 519.873780487805
    },
    "stats_profit_loss_percentage": {
        "1 week": -2.904527117884365,
        "2 weeks": -5.298592288187474,
        "1 month": -5.273744971138725,
        "2 months": 4.84995159728944,
        "6 months": 9.814458075636212,
        "1 year": -12.327990934110424
    },
    "stats_quantity_trend": {
        "Slight:mean": 412639.028340081,
        "Slight:median": 253944.5
    }
}