{
    "stats_90_day_close_price": {
        "min": 101.6,
        "max": 146.55,
        "mean": 125.51120689655173
    },
    "stats_vwap_by_month": {
        "2017-05": 74.9441565341455,
        "2017-06": 82.12630167181364,
        "2017-07": 87.31576204987255,
        "2017-08": 97.10788833773711,
        "2017-09": 160.8066656842833,
        "2017-10": 201.35919509771873,
        "2017-11": 203.21032796098177,
        "2017-12": 261.3899301607183,
        "2018-01": 271.388005688371,
        "2018-02": 250.6633453911075,
        "2018-03": 251.63602773858267,
        "2018-04": 273.64909743996367,
        "2018-05": 285.9146649959144,
        "2018-06": 223.78503012212715,
        "2018-07": 216.5360527914251,
        "2018-10": 104.31747817750433,
        "2018-11": 115.3130412137237,
        "2018-12": 106.52249775256679,
        "2019-01": 117.54385047616738,
        "2019-02": 110.00223627042179,
        "2019-03": 135.44529265811107,
        "2019-04": 132.77953087583285,
        "2019-05": 122.51408329030069
    },
    "stats_average_price": {
        "1 week": 117.09,
        "2 weeks": 119.44999999999999,
        "1 month": 123.62058823529411,
        "2 months": 131.6756756756757,
        "6 months": 117.15000000000002,
        "1 year": 143.93839285714282
    },
    "stats_profit_loss_percentage": {
        "1 week": -9.551255660765753,
        "2 weeks": -2.398933807196804,
        "1 month": -19.6709323583181,
        "2 months": -17.715355805243448,
        "6 months": -8.42017507294707,
        "1 year": -61.98961937716263
    },
    "stats_quantity_trend": {
        "Slight positive:mean": 2481243.933333333,
        "Slight positive:median": 1596328.0,
        "Negative:mean": 2119717.806451613,
        "Negative:median": 1530328.0,
        "Bear drop:mean": 4835218.333333333,
        "Bear drop:median": 5826648.5,
        "Slight negative:mean": 1696361.142857143,
        "Slight negative:median": 1292851.5,
        "Slight:mean": 2058061.4893617022,
        "Slight:median": 1448738.0,
        "Positive:mean": 3278667.5833333335,
        "Positive:median": 2200606.5,
        "Bull run:mean": 1.1389695705882354E7,
        "Bull run:median": 1.0087359E7,
        "Among top gainers:mean": 5223236.959459459,
        "Among top gainers:median": 4038066.0,
        "Among top losers:mean": 2538020.484375,
        "Among top losers:median": 1698695.0
    }
}