{
    "stats_90_day_close_price": {
        "min": 159.85,
        "max": 217.8,
        "mean": 183.64999999999998
    },
    "stats_vwap_by_month": {
        "2017-05": 257.137852033244,
        "2017-06": 295.36184866665695,
        "2017-07": 290.6743206476932,
        "2017-08": 261.82495872122337,
        "2017-09": 248.37812617908693,
        "2017-10": 268.350646569542,
        "2017-11": 299.45985547012026,
        "2017-12": 328.9949068751958,
        "2018-01": 343.63223498238096,
        "2018-02": 324.36863048016835,
        "2018-03": 324.2594772968458,
        "2018-04": 343.7887080938006,
        "2018-05": 280.3342712280046,
        "2018-06": 260.2398200537659,
        "2018-07": 244.84587429529324,
        "2018-08": 232.38761791954664,
        "2018-09": 199.4880977112055,
        "2018-10": 181.880003300795,
        "2018-11": 172.4805231784,
        "2018-12": 180.45392489378222,
        "2019-01": 176.05015339397522,
        "2019-02": 164.2023860359048,
        "2019-03": 193.2974860533921,
        "2019-04": 196.99953935453837,
        "2019-05": 164.64942379775516
    },
    "stats_average_price": {
        "1 week": 161.66000000000003,
        "2 weeks": 164.91666666666666,
        "1 month": 173.73529411764707,
        "2 months": 189.1081081081081,
        "6 months": 178.65416666666667,
        "1 year": 202.58821138211385
    },
    "stats_profit_loss_percentage": {
        "1 week": -0.1838798651547725,
        "2 weeks": -6.057109893279493,
        "1 month": -13.790365272631028,
        "2 months": -15.730918499353171,
        "6 months": -2.5433871932974266,
        "1 year": -46.80712069247101
    },
    "stats_quantity_trend": {
        "Slight positive:mean": 207365.6222222222,
        "Slight positive:median": 173439.0,
        "Negative:mean": 197208.98260869566,
        "Negative:median": 154430.0,
        "Bear drop:mean": 833014.6666666666,
        "Bear drop:median": 768134.0,
        "Slight negative:mean": 248565.31578947368,
        "Slight negative:median": 172953.0,
        "Slight:mean": 223240.99180327868,
        "Slight:median": 183052.5,
        "Positive:mean": 318382.2254901961,
        "Positive:median": 222083.0,
        "Bull run:mean": 1775636.75,
        "Bull run:median": 1739206.5,
        "Among top gainers:mean": 468577.9285714286,
        "Among top gainers:median": 351261.0,
        "Among top losers:mean": 307048.1891891892,
        "Among top losers:median": 247347.0
    }
}