{
    "stats_90_day_close_price": {
        "min": 129.7,
        "max": 141.8,
        "mean": 136.43879310344826
    },
    "stats_vwap_by_month": {
        "2017-05": 201.0933936810863,
        "2017-06": 181.56362079796278,
        "2017-07": 157.61581816534516,
        "2017-08": 151.35671497121675,
        "2017-09": 150.9142225561008,
        "2017-10": 149.61222173102183,
        "2017-11": 136.4925729089307,
        "2017-12": 143.10122905489465,
        "2018-01": 151.93840524942388,
        "2018-02": 146.32524519688525,
        "2018-03": 145.352443768189,
        "2018-04": 143.76893649488494,
        "2018-05": 152.89184007109023,
        "2018-06": 138.09543555417494,
        "2018-07": 142.07406137743402,
        "2018-08": 147.22772944112572,
        "2018-09": 142.03723297925234,
        "2018-10": 134.2768766848118,
        "2018-11": 145.28497982297475,
        "2018-12": 141.1135458444378,
        "2019-01": 137.53582990163758,
        "2019-02": 135.23332802963978,
        "2019-03": 136.90334832025127,
        "2019-04": 138.30311695896478,
        "2019-05": 133.1976561698482
    },
    "stats_average_price": {
        "1 week": 132.67999999999998,
        "2 weeks": 134.8777777777778,
        "1 month": 137.2235294117647,
        "2 months": 136.90000000000003,
        "6 months": 138.525,
        "1 year": 139.74349593495933
    },
    "stats_profit_loss_percentage": {
        "1 week": -4.068047337278107,
        "2 weeks": -6.387585709130293,
        "1 month": -8.079376328844795,
        "2 months": -5.878084179970989,
        "6 months": -9.773913043478268,
        "1 year": -12.836021505376358
    },
    "stats_quantity_trend": {
        "Slight:mean": 6478695.41902834,
        "Slight:median": 2518800.0
    }
}