{
    "stats_90_day_close_price": {
        "min": 418.8,
        "max": 545.85,
        "mean": 489.7241379310345
    },
    "stats_vwap_by_month": {
        "2017-05": 438.59889473156295,
        "2017-06": 401.18961381957115,
        "2017-07": 399.964000518676,
        "2017-08": 415.8651804842892,
        "2017-09": 510.6004593983793,
        "2017-10": 687.9439414802849,
        "2017-11": 757.9062401355138,
        "2017-12": 736.7484910786512,
        "2018-01": 856.5116125193314,
        "2018-02": 755.9986062267393,
        "2018-03": 709.8889374638665,
        "2018-04": 748.7585983751835,
        "2018-05": 659.5136370722565,
        "2018-06": 592.4065959187697,
        "2018-07": 501.85121594518165,
        "2018-08": 566.8425520084782,
        "2018-09": 596.2212343910993,
        "2018-10": 580.9864933052706,
        "2018-11": 578.1086711337337,
        "2018-12": 541.0697983676033,
        "2019-01": 515.4349765074616,
        "2019-02": 462.4721545467796,
        "2019-03": 509.88378021962785,
        "2019-04": 492.8216984817687,
        "2019-05": 528.7989628510438
    },
    "stats_average_price": {
        "1 week": 515.5699999999999,
        "2 weeks": 512.2555555555555,
        "1 month": 502.21764705882356,
        "2 months": 498.281081081081,
        "6 months": 510.8700000000002,
        "1 year": 543.4849593495936
    },
    "stats_profit_loss_percentage": {
        "1 week": -9.508106622698548,
        "2 weeks": 2.479253112033193,
        "1 month": -0.06069802731411459,
        "2 months": -5.914285714285716,
        "6 months": -14.674382449473136,
        "1 year": -27.748116726395082
    },
    "stats_quantity_trend": {
        "Slight positive:mean": 104994.85,
        "Slight positive:median": 85641.0,
        "Negative:mean": 75253.47967479675,
        "Negative:median": 55975.0,
        "Slight negative:mean": 64767.107142857145,
        "Slight negative:median": 43026.5,
        "Slight:mean": 66548.87735849057,
        "Slight:median": 45546.0,
        "Positive:mean": 128290.76136363637,
        "Positive:median": 88157.5,
        "Bull run:mean": 873019.5714285715,
        "Bull run:median": 917386.0,
        "Among top gainers:mean": 283202.8,
        "Among top gainers:median": 231010.0,
        "Among top losers:mean": 138747.61764705883,
        "Among top losers:median": 101957.5
    }
}