{
    "stats_90_day_close_price": {
        "min": 34.75,
        "max": 46.9,
        "mean": 41.47931034482758
    },
    "stats_vwap_by_month": {
        "2017-05": 59.316407783582676,
        "2017-06": 56.4758974367155,
        "2017-07": 58.37584046082392,
        "2017-08": 55.595414644309244,
        "2017-09": 60.0172532849021,
        "2017-10": 64.10514283862297,
        "2017-11": 62.08742750075351,
        "2017-12": 60.41597352259322,
        "2018-01": 61.45891466243283,
        "2018-02": 52.79720229996558,
        "2018-03": 49.91674204126067,
        "2018-04": 54.88692090762903,
        "2018-05": 52.84118432911957,
        "2018-06": 47.4425394021518,
        "2018-07": 45.67056951751748,
        "2018-08": 50.68686025902619,
        "2018-09": 45.744200533118025,
        "2018-10": 37.80532733232663,
        "2018-11": 39.47928551794018,
        "2018-12": 41.319730146563316,
        "2019-01": 42.234320124886814,
        "2019-02": 36.61554742995756,
        "2019-03": 43.41409786926945,
        "2019-04": 44.485725461039806,
        "2019-05": 36.91465337919468
    },
    "stats_average_price": {
        "1 week": 37.03,
        "2 weeks": 37.91111111111112,
        "1 month": 40.71176470588236,
        "2 months": 43.354054054054046,
        "6 months": 41.082083333333344,
        "1 year": 43.55589430894307
    },
    "stats_profit_loss_percentage": {
        "1 week": -6.334231805929923,
        "2 weeks": -13.44956413449564,
        "1 month": -25.588865096359747,
        "2 months": -21.55756207674943,
        "6 months": -10.668380462724933,
        "1 year": -35.28864059590317
    },
    "stats_quantity_trend": {
        "Slight positive:mean": 4832652.365853659,
        "Slight positive:median": 3856286.0,
        "Negative:mean": 5328653.748091603,
        "Negative:median": 3798972.0,
        "Bear drop:mean": 1.44749655E7,
        "Bear drop:median": 1.44749655E7,
        "Slight negative:mean": 5893163.882352941,
        "Slight negative:median": 4220291.0,
        "Slight:mean": 5113098.590476191,
        "Slight:median": 3347726.0,
        "Positive:mean": 7264173.901098901,
        "Positive:median": 4420988.0,
        "Bull run:mean": 2.686766E7,
        "Bull run:median": 3.4021165E7,
        "Among top gainers:mean": 1.0192449394736841E7,
        "Among top gainers:median": 6827468.0,
        "Among top losers:mean": 6868951.125,
        "Among top losers:median": 5218419.5
    }
}