{
    "stats_90_day_close_price": {
        "min": 367.45,
        "max": 429.9,
        "mean": 401.18362068965513
    },
    "stats_vwap_by_month": {
        "2018-09": 415.30000000000007,
        "2018-10": 383.7426421321479,
        "2018-11": 406.1884185533847,
        "2018-12": 450.3229818714676,
        "2019-01": 408.6983365752405,
        "2019-02": 385.5567635635478,
        "2019-03": 415.3815012851928,
        "2019-04": 407.8697793916032,
        "2019-05": 401.0139445222653
    },
    "stats_average_price": {
        "1 week": 394.73,
        "2 weeks": 398.5111111111111,
        "1 month": 402.4823529411765,
        "2 months": 402.68243243243245,
        "6 months": 408.5866666666667,
        "1 year": 401.6920529801325
    },
    "stats_profit_loss_percentage": {
        "1 week": -3.126569563033649,
        "2 weeks": -3.260188087774295,
        "1 month": -7.8585930968589475,
        "2 months": -6.462172647914641,
        "6 months": -8.665798508346164,
        "1 year": -7.115338309655674
    },
    "stats_quantity_trend": {
        "Slight:mean": 135171.91390728476,
        "Slight:median": 50845.0
    }
}