{
    "stats_90_day_close_price": {
        "min": 242.75,
        "max": 297.9,
        "mean": 270.89568965517236
    },
    "stats_vwap_by_month": {
        "2017-05": 578.0169595767608,
        "2017-06": 586.2442143244274,
        "2017-07": 586.2270801060909,
        "2017-08": 505.4046170627673,
        "2017-09": 576.2409621326565,
        "2017-10": 529.2869299176807,
        "2017-11": 550.6372703307964,
        "2017-12": 514.6457420850292,
        "2018-01": 537.8798600712697,
        "2018-02": 442.50038986718397,
        "2018-03": 478.64489091093947,
        "2018-04": 479.81900252953545,
        "2018-05": 425.31966939420244,
        "2018-06": 423.71431732195913,
        "2018-07": 422.3315496057551,
        "2018-08": 403.85862964807103,
        "2018-09": 381.16897750923346,
        "2018-10": 297.3242424582914,
        "2018-11": 309.3527499327576,
        "2018-12": 321.224105570123,
        "2019-01": 317.7014542343884,
        "2019-02": 284.8040740634063,
        "2019-03": 287.74673011199474,
        "2019-04": 274.6171202004005,
        "2019-05": 254.34564247615972
    },
    "stats_average_price": {
        "1 week": 249.28000000000003,
        "2 weeks": 253.40555555555557,
        "1 month": 261.2411764705882,
        "2 months": 271.1932432432433,
        "6 months": 286.0420833333335,
        "1 year": 329.3932926829265
    },
    "stats_profit_loss_percentage": {
        "1 week": -4.5418796696814825,
        "2 weeks": -6.580719645949594,
        "1 month": -12.522522522522522,
        "2 months": -12.459430219978367,
        "6 months": -20.773498694516963,
        "1 year": -42.48993129590145
    },
    "stats_quantity_trend": {
        "Slight:mean": 62400.20647773279,
        "Slight:median": 24606.5
    }
}