{
    "stats_90_day_close_price": {
        "min": 127.3,
        "max": 276.65,
        "mean": 220.29051724137935
    },
    "stats_vwap_by_month": {
        "2017-05": 485.7580812390167,
        "2017-06": 534.53010573123,
        "2017-07": 596.0770995419582,
        "2017-08": 582.3282986678611,
        "2017-09": 542.171679494536,
        "2017-10": 517.0013327042759,
        "2017-11": 664.873990254843,
        "2017-12": 732.2299651103984,
        "2018-01": 819.4606861223514,
        "2018-02": 752.7261000280735,
        "2018-03": 676.9103841902632,
        "2018-04": 620.8673909885634,
        "2018-05": 452.8977626389475,
        "2018-06": 381.74516135903986,
        "2018-07": 325.07270706883037,
        "2018-08": 294.4570560493545,
        "2018-09": 232.19047479982666,
        "2018-10": 204.09149283700597,
        "2018-11": 305.586988901653,
        "2018-12": 266.65742452549586,
        "2019-01": 272.1219282198917,
        "2019-02": 233.2516744019834,
        "2019-03": 252.01170853951186,
        "2019-04": 205.20736603693663,
        "2019-05": 138.58536577337938
    },
    "stats_average_price": {
        "1 week": 139.38,
        "2 weeks": 139.26666666666665,
        "1 month": 161.9558823529412,
        "2 months": 212.28783783783786,
        "6 months": 245.08958333333334,
        "1 year": 275.22520325203243
    },
    "stats_profit_loss_percentage": {
        "1 week": 9.269442262372348,
        "2 weeks": -9.292468209977176,
        "1 month": -46.84753534581582,
        "2 months": -40.84626833935786,
        "6 months": -56.65316297912122,
        "1 year": -70.0473729543497
    },
    "stats_quantity_trend": {
        "Slight positive:mean": 4822244.933333334,
        "Slight positive:median": 3227703.0,
        "Negative:mean": 4997933.403846154,
        "Negative:median": 3572065.0,
        "Bear drop:mean": 1.773642670588235E7,
        "Bear drop:median": 1.0010406E7,
        "Slight negative:mean": 3890615.35,
        "Slight negative:median": 2575455.0,
        "Slight:mean": 4627526.56,
        "Slight:median": 2879975.0,
        "Positive:mean": 5840309.48,
        "Positive:median": 3713022.0,
        "Bull run:mean": 2.64951008125E7,
        "Bull run:median": 1.42759405E7,
        "Among top gainers:mean": 9826436.338983051,
        "Among top gainers:median": 5878245.0,
        "Among top losers:mean": 8110080.920634921,
        "Among top losers:median": 5545462.0
    }
}