{
    "stats_90_day_close_price": {
        "min": 301.95,
        "max": 375.05,
        "mean": 345.68793103448263
    },
    "stats_vwap_by_month": {
        "2017-05": 487.78332985913045,
        "2017-06": 488.4320132340282,
        "2017-07": 465.5059582748689,
        "2017-08": 430.9429926604667,
        "2017-09": 412.17046460855374,
        "2017-10": 412.1734236188113,
        "2017-11": 413.8950924438443,
        "2017-12": 433.5246925146315,
        "2018-01": 432.55900855139225,
        "2018-02": 417.3554412879617,
        "2018-03": 435.6236310564388,
        "2018-04": 423.5542335667121,
        "2018-05": 386.95498575213406,
        "2018-06": 327.35799242829273,
        "2018-07": 332.3886509650959,
        "2018-08": 328.89534730453056,
        "2018-09": 315.8360274438959,
        "2018-10": 281.75071550095896,
        "2018-11": 268.9649226665721,
        "2018-12": 281.3552034731042,
        "2019-01": 306.37894640728643,
        "2019-02": 309.5138564066725,
        "2019-03": 346.14292891083977,
        "2019-04": 365.63899324500807,
        "2019-05": 357.4390966985911
    },
    "stats_average_price": {
        "1 week": 351.06,
        "2 weeks": 357.02777777777777,
        "1 month": 362.0588235294118,
        "2 months": 356.83108108108104,
        "6 months": 316.45,
        "1 year": 318.00081300813025
    },
    "stats_profit_loss_percentage": {
        "1 week": -7.582551977170805,
        "2 weeks": -8.539537385691231,
        "1 month": -8.760397102226987,
        "2 months": -4.008468595624556,
        "6 months": 25.874514158800682,
        "1 year": -11.824192921042389
    },
    "stats_quantity_trend": {
        "Slight:mean": 93424.28137651822,
        "Slight:median": 54851.5
    }
}