{
    "stats_90_day_close_price": {
        "min": 976.25,
        "max": 1089.5,
        "mean": 1037.4077586206895
    },
    "stats_vwap_by_month": {
        "2017-05": 901.2217097419214,
        "2017-06": 818.5622991029728,
        "2017-07": 826.0044581370203,
        "2017-08": 812.5791338069416,
        "2017-09": 806.6025117543993,
        "2017-10": 755.5750110671022,
        "2017-11": 871.464066954939,
        "2017-12": 883.6172143528883,
        "2018-01": 902.9335979183417,
        "2018-02": 900.5851599402752,
        "2018-03": 896.4713457574909,
        "2018-04": 857.7994902931187,
        "2018-05": 873.6763182787691,
        "2018-06": 898.4777975030713,
        "2018-07": 915.9612312496452,
        "2018-08": 993.3186122831141,
        "2018-09": 982.0223911976253,
        "2018-10": 910.872553621941,
        "2018-11": 867.4942514419483,
        "2018-12": 935.0223403860191,
        "2019-01": 992.3019231957787,
        "2019-02": 1044.0243071049422,
        "2019-03": 1050.1706370086981,
        "2019-04": 1048.4804347384816,
        "2019-05": 1038.287054293184
    },
    "stats_average_price": {
        "1 week": 991.8,
        "2 weeks": 1016.188888888889,
        "1 month": 1036.2823529411764,
        "2 months": 1043.0297297297295,
        "6 months": 1000.0966666666669,
        "1 year": 962.8396341463415
    },
    "stats_profit_loss_percentage": {
        "1 week": -3.637350705754617,
        "2 weeks": -6.516326726036575,
        "1 month": -8.359147657936727,
        "2 months": -7.809622739506119,
        "6 months": 13.524042095470662,
        "1 year": 20.9577499690249
    },
    "stats_quantity_trend": {
        "Slight positive:mean": 87609.45238095238,
        "Slight positive:median": 45531.0,
        "Negative:mean": 83712.23762376238,
        "Negative:median": 53858.0,
        "Slight negative:mean": 63297.0,
        "Slight negative:median": 41099.0,
        "Slight:mean": 67316.44444444444,
        "Slight:median": 40710.0,
        "Positive:mean": 82095.8493150685,
        "Positive:median": 55105.0,
        "Bull run:mean": 722199.0,
        "Bull run:median": 722199.0,
        "Among top gainers:mean": 186722.96,
        "Among top gainers:median": 110923.0,
        "Among top losers:mean": 258606.0,
        "Among top losers:median": 63332.0
    }
}