{
    "stats_90_day_close_price": {
        "min": 5391.35,
        "max": 6302.9,
        "mean": 5901.418103448277
    },
    "stats_vwap_by_month": {
        "2017-05": 4549.648161936124,
        "2017-06": 5076.882491126095,
        "2017-07": 5512.01182262473,
        "2017-08": 5994.17904669285,
        "2017-09": 5947.881171674651,
        "2017-10": 5861.421735559207,
        "2017-11": 5879.242883876189,
        "2017-12": 5807.75068154741,
        "2018-01": 6333.130853779927,
        "2018-02": 6088.793685312784,
        "2018-03": 6657.9981636796465,
        "2018-04": 7727.128216735383,
        "2018-05": 8749.42058927319,
        "2018-06": 7997.319316633379,
        "2018-07": 7918.121351325125,
        "2018-08": 7302.594971590688,
        "2018-09": 6846.573350264152,
        "2018-10": 5900.908086844981,
        "2018-11": 6016.580984127888,
        "2018-12": 5746.839727563438,
        "2019-01": 5540.3295882695675,
        "2019-02": 5567.471634829485,
        "2019-03": 6186.3185058938425,
        "2019-04": 6029.187761595295,
        "2019-05": 5591.62866970467
    },
    "stats_average_price": {
        "1 week": 5506.240000000001,
        "2 weeks": 5600.377777777778,
        "1 month": 5766.332352941177,
        "2 months": 5959.629729729728,
        "6 months": 5787.539166666669,
        "1 year": 6533.602235772357
    },
    "stats_profit_loss_percentage": {
        "1 week": -2.7695775857441927,
        "2 weeks": -5.864317821602103,
        "1 month": -10.379458764161672,
        "2 months": -11.952691482036535,
        "6 months": -8.800281931228913,
        "1 year": -38.29165129020354
    },
    "stats_quantity_trend": {
        "Slight:mean": 6104.172064777328,
        "Slight:median": 3954.0
    }
}