{
    "stats_90_day_close_price": {
        "min": 70.25,
        "max": 87.9,
        "mean": 77.33965517241377
    },
    "stats_vwap_by_month": {
        "2018-04": 73.69093669108032,
        "2018-05": 70.3360678089765,
        "2018-06": 73.81195966919627,
        "2018-07": 77.07157400778237,
        "2018-08": 80.7703288766569,
        "2018-09": 74.49654442601636,
        "2018-10": 69.09293460182016,
        "2018-11": 71.0255127276593,
        "2018-12": 71.21831827956677,
        "2019-01": 69.95226595194399,
        "2019-02": 72.30355807665424,
        "2019-03": 84.0499344221691,
        "2019-04": 76.73016678067162,
        "2019-05": 73.20846836982665
    },
    "stats_average_price": {
        "1 week": 71.47999999999999,
        "2 weeks": 72.6888888888889,
        "1 month": 74.3264705882353,
        "2 months": 77.45405405405405,
        "6 months": 73.54291666666667,
        "1 year": 73.39979674796751
    },
    "stats_profit_loss_percentage": {
        "1 week": -3.6351165980795686,
        "2 weeks": -6.333333333333334,
        "1 month": -11.188369152970916,
        "2 months": -12.351840299438559,
        "6 months": -2.362751911049344,
        "1 year": 3.1571218795888485
    },
    "stats_quantity_trend": {
        "Slight:mean": 1393379.062962963,
        "Slight:median": 420738.5
    }
}