{
    "stats_90_day_close_price": {
        "min": 1078.45,
        "max": 1407.75,
        "mean": 1282.0758620689649
    },
    "stats_vwap_by_month": {
        "2017-05": 809.3345675345565,
        "2017-06": 1020.6282642035931,
        "2017-07": 1145.0229028299332,
        "2017-08": 1188.827793352931,
        "2017-09": 1189.4778181928457,
        "2017-10": 1180.1960186715755,
        "2017-11": 1349.0066565565053,
        "2017-12": 1475.9545964288193,
        "2018-01": 1589.6664338818155,
        "2018-02": 1713.0655453784727,
        "2018-03": 1751.5490253154726,
        "2018-04": 1857.4367228775598,
        "2018-05": 1992.3869535068557,
        "2018-06": 1784.2203898806563,
        "2018-07": 1881.8947886815165,
        "2018-08": 1859.3202873137418,
        "2018-09": 1750.398037096852,
        "2018-10": 1513.7778390396743,
        "2018-11": 1539.488304879864,
        "2018-12": 1452.0496604482807,
        "2019-01": 1257.1244875275613,
        "2019-02": 1147.7107498505907,
        "2019-03": 1286.416639209818,
        "2019-04": 1371.842226492803,
        "2019-05": 1281.8788409124597
    },
    "stats_average_price": {
        "1 week": 1256.52,
        "2 weeks": 1286.9777777777779,
        "1 month": 1331.4529411764706,
        "2 months": 1338.2567567567567,
        "6 months": 1319.5829166666672,
        "1 year": 1548.9111788617886
    },
    "stats_profit_loss_percentage": {
        "1 week": -7.824863055386498,
        "2 weeks": -8.379022195334061,
        "1 month": -13.246929934481402,
        "2 months": -5.1327225745830365,
        "6 months": -22.224362060664422,
        "1 year": -40.42338709677419
    },
    "stats_quantity_trend": {
        "Slight positive:mean": 46817.558139534885,
        "Slight positive:median": 46997.0,
        "Negative:mean": 45739.45714285714,
        "Negative:median": 45019.0,
        "Slight negative:mean": 43006.541666666664,
        "Slight negative:median": 45029.0,
        "Slight:mean": 43316.23008849558,
        "Slight:median": 43457.0,
        "Positive:mean": 69630.06930693069,
        "Positive:median": 55817.0,
        "Bull run:mean": 363140.8,
        "Bull run:median": 207752.0,
        "Among top gainers:mean": 122733.93548387097,
        "Among top gainers:median": 69170.0,
        "Among top losers:mean": 69989.95833333333,
        "Among top losers:median": 61002.0
    }
}