{
    "stats_90_day_close_price": {
        "min": 270.55,
        "max": 388.05,
        "mean": 339.68017241379306
    },
    "stats_vwap_by_month": {
        "2017-05": 559.7233670709136,
        "2017-06": 611.7829398186954,
        "2017-07": 740.3763422743839,
        "2017-08": 784.8015889617488,
        "2017-09": 862.0461987253776,
        "2017-10": 831.5029883354117,
        "2017-11": 1056.488506277162,
        "2017-12": 1192.9942558639377,
        "2018-01": 1274.379447953015,
        "2018-02": 1120.6210972829124,
        "2018-03": 1073.8764899514363,
        "2018-04": 1126.902127273744,
        "2018-05": 1233.340188446923,
        "2018-06": 1249.5569030047286,
        "2018-07": 543.5394258843107,
        "2018-08": 420.7334701701946,
        "2018-09": 382.5636649531433,
        "2018-10": 315.6906444165394,
        "2018-11": 343.28901343585585,
        "2018-12": 326.05690827135595,
        "2019-01": 302.4903285757476,
        "2019-02": 307.1672273016996,
        "2019-03": 348.61824747079686,
        "2019-04": 365.9339686590125,
        "2019-05": 346.10640319883714
    },
    "stats_average_price": {
        "1 week": 345.90000000000003,
        "2 weeks": 348.6222222222222,
        "1 month": 361.54411764705884,
        "2 months": 351.73243243243246,
        "6 months": 326.5508333333334,
        "1 year": 497.7857723577235
    },
    "stats_profit_loss_percentage": {
        "1 week": -0.60510012966432,
        "2 weeks": -5.168384879725089,
        "1 month": -1.8355150825270314,
        "2 months": -7.059140509228072,
        "6 months": -5.402440696558341,
        "1 year": -67.83682983682984
    },
    "stats_quantity_trend": {
        "Slight positive:mean": 95771.82608695653,
        "Slight positive:median": 82884.0,
        "Negative:mean": 136389.58823529413,
        "Negative:median": 106037.0,
        "Bear drop:mean": 310300.3333333333,
        "Bear drop:median": 387878.0,
        "Slight negative:mean": 118574.66666666667,
        "Slight negative:median": 82663.5,
        "Slight:mean": 107468.42307692308,
        "Slight:median": 87241.5,
        "Positive:mean": 194816.63366336634,
        "Positive:median": 114725.0,
        "Bull run:mean": 890175.8333333334,
        "Bull run:median": 476660.5,
        "Among top gainers:mean": 226675.7894736842,
        "Among top gainers:median": 183228.0,
        "Among top losers:mean": 191568.15384615384,
        "Among top losers:median": 166810.0
    }
}