{
    "stats_90_day_close_price": {
        "min": 82.05,
        "max": 114.25,
        "mean": 99.15517241379312
    },
    "stats_vwap_by_month": {
        "2017-05": 91.20910952403463,
        "2017-06": 89.46633320372507,
        "2017-07": 91.65484514443537,
        "2017-08": 87.3086870434335,
        "2017-09": 87.98011339212613,
        "2017-10": 98.55600994496591,
        "2017-11": 110.76017389461745,
        "2017-12": 125.83556760272751,
        "2018-01": 131.23040869255885,
        "2018-02": 122.52614708320371,
        "2018-03": 122.06555369098061,
        "2018-04": 129.28952288545005,
        "2018-05": 115.58898991619752,
        "2018-06": 105.95614711632071,
        "2018-07": 89.9575001651767,
        "2018-08": 97.78761154578541,
        "2018-09": 89.91176432129906,
        "2018-10": 70.99399610176363,
        "2018-11": 86.28494857295843,
        "2018-12": 84.00047871538727,
        "2019-01": 87.76362633113568,
        "2019-02": 82.58758676047071,
        "2019-03": 103.85581408085717,
        "2019-04": 105.06909273278963,
        "2019-05": 94.11591082060082
    },
    "stats_average_price": {
        "1 week": 92.74000000000001,
        "2 weeks": 94.54444444444445,
        "1 month": 98.52058823529413,
        "2 months": 103.82297297297296,
        "6 months": 91.90375,
        "1 year": 92.19451219512202
    },
    "stats_profit_loss_percentage": {
        "1 week": -2.7522935779816633,
        "2 weeks": -9.173387096774203,
        "1 month": -14.312886352829302,
        "2 months": -15.160075329566864,
        "6 months": 0.44593088071347986,
        "1 year": -24.253888188314424
    },
    "stats_quantity_trend": {
        "Slight positive:mean": 7506261.75,
        "Slight positive:median": 5992560.0,
        "Negative:mean": 5900090.770642201,
        "Negative:median": 4967440.0,
        "Bear drop:mean": 1.3934263E7,
        "Bear drop:median": 1.2538922E7,
        "Slight negative:mean": 5495105.270833333,
        "Slight negative:median": 5085080.0,
        "Slight:mean": 5346794.550561798,
        "Slight:median": 4593780.0,
        "Positive:mean": 7139074.063157895,
        "Positive:median": 6478859.0,
        "Bull run:mean": 2.2389064625E7,
        "Bull run:median": 2.5100361E7,
        "Among top gainers:mean": 1.1274696867924528E7,
        "Among top gainers:median": 9277402.0,
        "Among top losers:mean": 7438595.048780488,
        "Among top losers:median": 6791503.0
    }
}