{
    "stats_90_day_close_price": {
        "min": 1443.4,
        "max": 1808.1,
        "mean": 1629.1913793103454
    },
    "stats_vwap_by_month": {
        "2017-05": 1483.1524218035147,
        "2017-06": 1480.5419159310147,
        "2017-07": 1382.7365635619199,
        "2017-08": 1332.5422591467732,
        "2017-09": 1276.2990954646111,
        "2017-10": 1372.5066988274789,
        "2017-11": 1355.812855494338,
        "2017-12": 1370.179451751043,
        "2018-01": 1463.548441173666,
        "2018-02": 1367.8962324270096,
        "2018-03": 1264.8652447417815,
        "2018-04": 1332.1779059158723,
        "2018-05": 1397.760378016691,
        "2018-06": 1380.0275130164146,
        "2018-07": 1178.1514928155814,
        "2018-08": 1263.282944261088,
        "2018-09": 1339.0180738301956,
        "2018-10": 1276.4129805025668,
        "2018-11": 1422.715683185984,
        "2018-12": 1540.6348766698948,
        "2019-01": 1601.1086865936275,
        "2019-02": 1510.1851941094285,
        "2019-03": 1617.7332942436863,
        "2019-04": 1704.5498612441231,
        "2019-05": 1771.578333568812
    },
    "stats_average_price": {
        "1 week": 1745.2900000000002,
        "2 weeks": 1767.9222222222222,
        "1 month": 1738.0823529411766,
        "2 months": 1692.1094594594592,
        "6 months": 1585.6429166666667,
        "1 year": 1445.5670731707319
    },
    "stats_profit_loss_percentage": {
        "1 week": -3.15150834222796,
        "2 weeks": -2.568594761083955,
        "1 month": 1.4445850127982556,
        "2 months": 5.695542885169523,
        "6 months": 22.256497535723142,
        "1 year": 21.94086858112888
    },
    "stats_quantity_trend": {
        "Slight positive:mean": 261696.32,
        "Slight positive:median": 222040.5,
        "Negative:mean": 315935.8350515464,
        "Negative:median": 267615.0,
        "Bear drop:mean": 2042055.5,
        "Bear drop:median": 2042055.5,
        "Slight negative:mean": 235315.79166666666,
        "Slight negative:median": 180868.5,
        "Slight:mean": 250169.33823529413,
        "Slight:median": 206089.5,
        "Positive:mean": 383512.92173913046,
        "Positive:median": 301429.0,
        "Bull run:mean": 605098.0,
        "Bull run:median": 605098.0,
        "Among top gainers:mean": 642653.45,
        "Among top gainers:median": 472254.0,
        "Among top losers:mean": 483564.4,
        "Among top losers:median": 285156.0
    }
}