{
    "stats_90_day_close_price": {
        "min": 683.6,
        "max": 826.1,
        "mean": 779.2741379310346
    },
    "stats_vwap_by_month": {
        "2017-05": 712.0305371868759,
        "2017-06": 728.9011107110073,
        "2017-07": 801.2943814439261,
        "2017-08": 759.113975008353,
        "2017-09": 856.6641325626035,
        "2017-10": 864.8704157881658,
        "2017-11": 963.2865706711525,
        "2017-12": 992.4180957242162,
        "2018-01": 1097.6248852099475,
        "2018-02": 946.9355038612433,
        "2018-03": 917.8468590139321,
        "2018-04": 1059.1568192441148,
        "2018-05": 1062.8634849767434,
        "2018-06": 962.9010353405794,
        "2018-07": 858.2280797337436,
        "2018-08": 802.7297129469489,
        "2018-09": 767.5113057439476,
        "2018-10": 681.2537142350131,
        "2018-11": 783.5232368683252,
        "2018-12": 836.6793807526052,
        "2019-01": 801.935448128974,
        "2019-02": 700.7110291499097,
        "2019-03": 810.1954408068051,
        "2019-04": 790.5445096864571,
        "2019-05": 791.0475981320807
    },
    "stats_average_price": {
        "1 week": 801.0200000000001,
        "2 weeks": 787.1500000000001,
        "1 month": 778.8588235294117,
        "2 months": 791.8851351351352,
        "6 months": 788.4924999999998,
        "1 year": 811.4243902439024
    },
    "stats_profit_loss_percentage": {
        "1 week": -3.659064219049388,
        "2 weeks": 0.9978617248752732,
        "1 month": -2.1777331492406202,
        "2 months": -4.508975065857986,
        "6 months": 1.8358813537175052,
        "1 year": -27.282481922090035
    },
    "stats_quantity_trend": {
        "Slight:mean": 699609.1113360324,
        "Slight:median": 544326.5
    }
}