{
    "stats_90_day_close_price": {
        "min": 1.85,
        "max": 6.65,
        "mean": 4.130172413793104
    },
    "stats_vwap_by_month": {
        "2017-05": 22.109319764305535,
        "2017-06": 20.074514616032427,
        "2017-07": 24.002449390731872,
        "2017-08": 23.242397807793626,
        "2017-09": 20.70278722659714,
        "2017-10": 16.874152817004916,
        "2017-11": 13.04328337727154,
        "2017-12": -1181.6023167414296,
        "2018-01": -183.04037511456744,
        "2018-02": 27.679650056065295,
        "2018-03": 24.28766512504961,
        "2018-04": 21.133849377949705,
        "2018-05": 1359.7340247685352,
        "2018-06": 15.319067184007825,
        "2018-07": 13.428074205833491,
        "2018-08": -40.42365552274955,
        "2018-09": 15.15153532738491,
        "2018-10": 11.373000740793357,
        "2018-11": 13.82537689269612,
        "2018-12": -19.74249345032666,
        "2019-01": 13.370084618948423,
        "2019-02": -12.952690613127956,
        "2019-03": 5.073988158636953,
        "2019-04": 3.1044026736182193,
        "2019-05": 2.159192052551699
    },
    "stats_average_price": {
        "1 week": 2.2600000000000002,
        "2 weeks": 2.111111111111111,
        "1 month": 2.1764705882352935,
        "2 months": 3.1229729729729727,
        "6 months": 8.746666666666664,
        "1 year": 11.747560975609755
    },
    "stats_profit_loss_percentage": {
        "1 week": 9.523809523809511,
        "2 weeks": 24.32432432432431,
        "1 month": -11.538461538461549,
        "2 months": -47.727272727272734,
        "6 months": -82.83582089552239,
        "1 year": -82.96296296296296
    },
    "stats_quantity_trend": {
        "Slight positive:mean": 4.5985026E7,
        "Slight positive:median": 3.9830739E7,
        "Negative:mean": 5.479808814736842E7,
        "Negative:median": 4.8059301E7,
        "Bear drop:mean": 1.3931088429032257E8,
        "Bear drop:median": 1.10886575E8,
        "Slight negative:mean": 5.465399235483871E7,
        "Slight negative:median": 3.3575484E7,
        "Slight:mean": 5.468355065151515E7,
        "Slight:median": 4.7482288E7,
        "Positive:mean": 7.130143053125E7,
        "Positive:median": 5.6983569E7,
        "Bull run:mean": 2.4826445884848484E8,
        "Bull run:median": 1.73455885E8,
        "Among top gainers:mean": 1.042250059423077E8,
        "Among top gainers:median": 8.0494639E7,
        "Among top losers:mean": 6.3659162696078435E7,
        "Among top losers:median": 4.5394845E7
    }
}