{
    "stats_90_day_close_price": {
        "min": 320.95,
        "max": 352.3,
        "mean": 335.1508620689654
    },
    "stats_vwap_by_month": {
        "2017-05": 151.73243137313776,
        "2017-06": 156.24793152566068,
        "2017-07": 163.45700353312358,
        "2017-08": 158.6665227983674,
        "2017-09": 153.66159512764887,
        "2017-10": 168.7535978152397,
        "2017-11": 213.04900756127827,
        "2017-12": 251.10189275749974,
        "2018-01": 296.2538109887742,
        "2018-02": 322.2631331296149,
        "2018-03": 311.97618966565466,
        "2018-04": 344.75424152849774,
        "2018-05": 357.8514075646126,
        "2018-06": 321.8478272073677,
        "2018-07": 326.03500546171784,
        "2018-08": 346.8684919806716,
        "2018-09": 384.81427672764147,
        "2018-10": 313.66670235187394,
        "2018-11": 318.7420654884108,
        "2018-12": 309.08567622841446,
        "2019-01": 310.4481522841133,
        "2019-02": 336.3324869253314,
        "2019-03": 332.7677668487927,
        "2019-04": 342.7335846419433,
        "2019-05": 335.48473574195134
    },
    "stats_average_price": {
        "1 week": 336.84000000000003,
        "2 weeks": 333.84999999999997,
        "1 month": 333.28823529411767,
        "2 months": 334.87162162162167,
        "6 months": 323.24999999999994,
        "1 year": 329.6132113821139
    },
    "stats_profit_loss_percentage": {
        "1 week": -0.20558002936857228,
        "2 weeks": 2.5501735325184813,
        "1 month": 0.39887723445118123,
        "2 months": 5.380679175065909,
        "6 months": 1.38743846039088,
        "1 year": -2.3282552457602663
    },
    "stats_quantity_trend": {
        "Slight:mean": 291166.46356275305,
        "Slight:median": 165386.5
    }
}