{
    "stats_90_day_close_price": {
        "min": 3.35,
        "max": 7.9,
        "mean": 6.300862068965517
    },
    "stats_vwap_by_month": {
        "2017-05": 19.79893233484973,
        "2017-06": 18.74192231739357,
        "2017-07": 19.201714160955426,
        "2017-08": 16.81845418719817,
        "2017-09": 16.473834053016258,
        "2017-10": 15.885753940575217,
        "2017-11": 14.732775636852212,
        "2017-12": 14.35881336349631,
        "2018-01": 15.647152220238679,
        "2018-02": 13.187192416176257,
        "2018-03": 11.393646277663462,
        "2018-04": 11.516817252100509,
        "2018-05": 9.318601230914902,
        "2018-06": 7.903262867278384,
        "2018-07": 7.658886333904872,
        "2018-08": 7.325215158562209,
        "2018-09": 6.775450010670693,
        "2018-10": 5.9033198145684445,
        "2018-11": 5.601758447671766,
        "2018-12": 5.383835262932623,
        "2019-01": 5.206537138917983,
        "2019-02": 4.70897199792445,
        "2019-03": -7.195130617446634,
        "2019-04": 6.928077654163051,
        "2019-05": 6.118352989148023
    },
    "stats_average_price": {
        "1 week": 5.99,
        "2 weeks": 6.322222222222223,
        "1 month": 6.723529411764706,
        "2 months": 6.704054054054054,
        "6 months": 5.7041666666666675,
        "1 year": 6.494918699186993
    },
    "stats_profit_loss_percentage": {
        "1 week": -11.811023622047244,
        "2 weeks": -18.248175182481752,
        "1 month": -23.80952380952381,
        "2 months": -17.647058823529417,
        "6 months": -1.75438596491229,
        "1 year": -36.36363636363637
    },
    "stats_quantity_trend": {
        "Slight:mean": 4.081691684615385E7,
        "Slight:median": 3.0403255E7
    }
}