{
    "stats_90_day_close_price": {
        "min": 1706.75,
        "max": 2328.45,
        "mean": 2137.282758620689
    },
    "stats_vwap_by_month": {
        "2017-05": 1196.0808763643656,
        "2017-06": 1510.2965380210287,
        "2017-07": 2197.2011725659454,
        "2017-08": 2022.9473289186328,
        "2017-09": 2088.28950853612,
        "2017-10": 2416.975768974767,
        "2017-11": 2675.4929731060515,
        "2017-12": 2813.9177618188105,
        "2018-01": 2721.069728874541,
        "2018-02": 3213.7751357232646,
        "2018-03": 4041.186588356004,
        "2018-04": 4352.974426062701,
        "2018-05": 3398.8751836242122,
        "2018-06": 2572.975476048992,
        "2018-07": 2135.7212452833332,
        "2018-08": 3029.801952825377,
        "2018-09": 2634.041558991369,
        "2018-10": 2410.8302505149313,
        "2018-11": 2472.6629328464,
        "2018-12": 2415.135649838812,
        "2019-01": 2360.7218933160384,
        "2019-02": 2256.536948691264,
        "2019-03": 2270.07563906011,
        "2019-04": 2160.3908798429934,
        "2019-05": 1870.4952261575804
    },
    "stats_average_price": {
        "1 week": 1882.9299999999998,
        "2 weeks": 1930.75,
        "1 month": 2022.4264705882354,
        "2 months": 2131.0999999999995,
        "6 months": 2236.8316666666665,
        "1 year": 2415.2418699186974
    },
    "stats_profit_loss_percentage": {
        "1 week": -14.681696618260892,
        "2 weeks": -14.510756592952493,
        "1 month": -22.938865811811457,
        "2 months": -23.575506548751818,
        "6 months": -24.491782246112326,
        "1 year": -50.89902186421173
    },
    "stats_quantity_trend": {
        "Slight positive:mean": 78235.4,
        "Slight positive:median": 51693.0,
        "Negative:mean": 112047.91129032258,
        "Negative:median": 65539.5,
        "Bear drop:mean": 380967.6666666667,
        "Bear drop:median": 351054.0,
        "Slight negative:mean": 73539.8679245283,
        "Slight negative:median": 56694.0,
        "Slight:mean": 90147.6213592233,
        "Slight:median": 62518.0,
        "Positive:mean": 168149.08333333334,
        "Positive:median": 129454.5,
        "Bull run:mean": 752661.2,
        "Bull run:median": 668692.0,
        "Among top gainers:mean": 317374.8409090909,
        "Among top gainers:median": 205889.5,
        "Among top losers:mean": 136756.96296296295,
        "Among top losers:median": 84586.0
    }
}