{
    "stats_90_day_close_price": {
        "min": 395.4,
        "max": 493.6,
        "mean": 448.4991379310344
    },
    "stats_vwap_by_month": {
        "2017-05": 193.40558558599318,
        "2017-06": 194.1512928741824,
        "2017-07": 183.59052942508947,
        "2017-08": 205.9150757514084,
        "2017-09": 244.34280786458356,
        "2017-10": 271.46818076279163,
        "2017-11": 333.27415848392604,
        "2017-12": 350.3995801807794,
        "2018-01": 361.7100009662868,
        "2018-02": 346.7743394783825,
        "2018-03": 318.2785553570067,
        "2018-04": 391.29889274826235,
        "2018-05": 407.81833778324864,
        "2018-06": 437.16977055819484,
        "2018-07": 451.2111063236483,
        "2018-08": 556.2924304638221,
        "2018-09": 523.5807900095637,
        "2018-10": 420.45799639853504,
        "2018-11": 489.5973920828609,
        "2018-12": 520.9803698949053,
        "2019-01": 497.6681290090758,
        "2019-02": 442.84357430190676,
        "2019-03": 445.1346127248948,
        "2019-04": 476.39911504561513,
        "2019-05": 432.4533164276434
    },
    "stats_average_price": {
        "1 week": 428.6,
        "2 weeks": 440.6611111111111,
        "1 month": 454.4529411764706,
        "2 months": 461.73378378378374,
        "6 months": 476.35541666666666,
        "1 year": 470.8174796747967
    },
    "stats_profit_loss_percentage": {
        "1 week": -1.057770545158655,
        "2 weeks": -9.147187533354673,
        "1 month": -11.39793900281045,
        "2 months": -1.9354838709677369,
        "6 months": -9.118086696562031,
        "1 year": 6.733542319749223
    },
    "stats_quantity_trend": {
        "Slight positive:mean": 505911.2121212121,
        "Slight positive:median": 355453.0,
        "Negative:mean": 362220.9917355372,
        "Negative:median": 278923.0,
        "Slight negative:mean": 414577.3777777778,
        "Slight negative:median": 327801.0,
        "Slight:mean": 400863.7159090909,
        "Slight:median": 288930.5,
        "Positive:mean": 526677.3617021276,
        "Positive:median": 390493.0,
        "Bull run:mean": 2705851.8333333335,
        "Bull run:median": 2308734.5,
        "Among top gainers:mean": 982446.0476190476,
        "Among top gainers:median": 882926.0,
        "Among top losers:mean": 459835.2727272727,
        "Among top losers:median": 363607.5
    }
}