{
    "stats_90_day_close_price": {
        "min": 47.15,
        "max": 65.1,
        "mean": 55.98879310344829
    },
    "stats_vwap_by_month": {
        "2017-05": 86.38984951316793,
        "2017-06": 82.02601328380761,
        "2017-07": 86.6640324232035,
        "2017-08": 76.87755731034069,
        "2017-09": 72.90961668473173,
        "2017-10": 66.31152273309462,
        "2017-11": 71.15846410758337,
        "2017-12": 71.70187155967457,
        "2018-01": 75.65836127585585,
        "2018-02": 65.17261101893739,
        "2018-03": 60.45573775680034,
        "2018-04": 56.42566342600979,
        "2018-05": 63.09216763876835,
        "2018-06": 56.74544425403356,
        "2018-07": 53.759441781097905,
        "2018-08": 67.00905417806815,
        "2018-09": 70.75961564071056,
        "2018-10": 60.21863507112249,
        "2018-11": 61.09720532206666,
        "2018-12": 60.63208527755474,
        "2019-01": 60.20302352051186,
        "2019-02": 50.74434379365328,
        "2019-03": 60.460783039097706,
        "2019-04": 56.35279367527664,
        "2019-05": 53.1675396756277
    },
    "stats_average_price": {
        "1 week": 52.209999999999994,
        "2 weeks": 52.644444444444446,
        "1 month": 54.14117647058824,
        "2 months": 56.87567567567568,
        "6 months": 58.03708333333332,
        "1 year": 59.37764227642277
    },
    "stats_profit_loss_percentage": {
        "1 week": -2.8301886792452833,
        "2 weeks": -3.286384976525822,
        "1 month": -10.822510822510822,
        "2 months": -16.123778501628664,
        "6 months": -17.928286852589643,
        "1 year": -22.439759036144586
    },
    "stats_quantity_trend": {
        "Slight:mean": 1631378.3684210526,
        "Slight:median": 905515.0
    }
}