{
    "stats_90_day_close_price": {
        "min": 323.5,
        "max": 395.65,
        "mean": 366.48103448275856
    },
    "stats_vwap_by_month": {
        "2017-05": 340.90982085781053,
        "2017-06": 362.7321008465112,
        "2017-07": 381.368940872984,
        "2017-08": 393.1131695609227,
        "2017-09": 394.8926894131684,
        "2017-10": 405.3747076719287,
        "2017-11": 412.40026493446527,
        "2017-12": 397.75287802304945,
        "2018-01": 427.0163929498132,
        "2018-02": 407.32358103962264,
        "2018-03": 376.69210251740384,
        "2018-04": 384.5968870909655,
        "2018-05": 394.8947841827819,
        "2018-06": 371.08481965963915,
        "2018-07": 378.94383510805125,
        "2018-08": 381.74137020598266,
        "2018-09": 360.21474413270874,
        "2018-10": 316.94484548476663,
        "2018-11": 347.134835699638,
        "2018-12": 370.46644733822995,
        "2019-01": 362.6119662066951,
        "2019-02": 335.4804796995523,
        "2019-03": 357.3647700539371,
        "2019-04": 387.0965467423902,
        "2019-05": 376.5324842743553
    },
    "stats_average_price": {
        "1 week": 368.58,
        "2 weeks": 377.56111111111113,
        "1 month": 383.88235294117646,
        "2 months": 379.0851351351349,
        "6 months": 366.4870833333335,
        "1 year": 364.7463414634147
    },
    "stats_profit_loss_percentage": {
        "1 week": -1.9225598279107228,
        "2 weeks": -7.141038696537681,
        "1 month": -5.7615295181501125,
        "2 months": -0.6401525469899272,
        "6 months": 5.358174465626809,
        "1 year": -11.02573484571289
    },
    "stats_quantity_trend": {
        "Slight positive:mean": 3384194.6481481483,
        "Slight positive:median": 3125807.0,
        "Negative:mean": 3086858.318681319,
        "Negative:median": 2936554.0,
        "Bear drop:mean": 1.84863955E7,
        "Bear drop:median": 1.84863955E7,
        "Slight negative:mean": 3068293.426229508,
        "Slight negative:median": 2583045.0,
        "Slight:mean": 3222960.597222222,
        "Slight:median": 2848138.0,
        "Positive:mean": 3704748.4536082475,
        "Positive:median": 3297747.0,
        "Bull run:mean": 7598131.5,
        "Bull run:median": 7598131.5,
        "Among top gainers:mean": 5300172.166666667,
        "Among top gainers:median": 4824916.5,
        "Among top losers:mean": 5440599.7894736845,
        "Among top losers:median": 4508937.0
    }
}