{
    "stats_90_day_close_price": {
        "min": 1332.5,
        "max": 1519.3,
        "mean": 1431.2155172413793
    },
    "stats_vwap_by_month": {
        "2017-05": 1126.6231044565168,
        "2017-06": 1145.0964752964762,
        "2017-07": 1142.2986547132996,
        "2017-08": 1148.0132831045419,
        "2017-09": 1205.44528838216,
        "2017-10": 1183.2177532385244,
        "2017-11": 1167.1057654835388,
        "2017-12": 1132.2365547226875,
        "2018-01": 1165.9425828001915,
        "2018-02": 1125.1120306204305,
        "2018-03": 1122.6880255087137,
        "2018-04": 1162.5502906836666,
        "2018-05": 1272.8681516467354,
        "2018-06": 1272.9630198487014,
        "2018-07": 1389.8787740632947,
        "2018-08": 1405.938356880439,
        "2018-09": 1301.422532709328,
        "2018-10": 1200.9301126123369,
        "2018-11": 1306.4467417488916,
        "2018-12": 1358.3843949881789,
        "2019-01": 1397.0777074640891,
        "2019-02": 1421.0941386466234,
        "2019-03": 1444.5645916292694,
        "2019-04": 1460.5512530606093,
        "2019-05": 1374.924617199928
    },
    "stats_average_price": {
        "1 week": 1360.25,
        "2 weeks": 1394.7055555555555,
        "1 month": 1419.6235294117646,
        "2 months": 1447.3878378378379,
        "6 months": 1402.2308333333337,
        "1 year": 1356.296138211381
    },
    "stats_profit_loss_percentage": {
        "1 week": -3.9847240236345263,
        "2 weeks": -8.9293647267881,
        "1 month": -6.9190737312702995,
        "2 months": -6.984049422358727,
        "6 months": 1.0771448077068988,
        "1 year": 2.7093690985470453
    },
    "stats_quantity_trend": {
        "Slight:mean": 1012164.9595141701,
        "Slight:median": 840293.0
    }
}