{
    "stats_90_day_close_price": {
        "min": 686.6,
        "max": 780.7,
        "mean": 740.453448275862
    },
    "stats_vwap_by_month": {
        "2017-05": 503.52673687494416,
        "2017-06": 507.95312200663506,
        "2017-07": 521.841207841312,
        "2017-08": 498.745173877657,
        "2017-09": 509.10133201519284,
        "2017-10": 487.4931113596844,
        "2017-11": 541.6088168049578,
        "2017-12": 545.122725840424,
        "2018-01": 588.3309988650215,
        "2018-02": 552.8369294690168,
        "2018-03": 515.7451412867308,
        "2018-04": 524.7366491022512,
        "2018-05": 538.4659709552884,
        "2018-06": 525.4378427996711,
        "2018-07": 537.2960211633335,
        "2018-08": 619.117236117358,
        "2018-09": 626.0338885219205,
        "2018-10": 572.6388047463414,
        "2018-11": 618.7519672542363,
        "2018-12": 617.2870413109672,
        "2019-01": 667.0667491120594,
        "2019-02": 708.3094354573657,
        "2019-03": 746.1331895651317,
        "2019-04": 760.209313510921,
        "2019-05": 742.450177043871
    },
    "stats_average_price": {
        "1 week": 735.0999999999999,
        "2 weeks": 744.3833333333333,
        "1 month": 751.0,
        "2 months": 755.7243243243242,
        "6 months": 692.0712500000003,
        "1 year": 630.2735772357727
    },
    "stats_profit_loss_percentage": {
        "1 week": -1.3142818629102917,
        "2 weeks": -4.531525070091934,
        "1 month": -4.030936619256734,
        "2 months": -0.4081077404434771,
        "6 months": 16.930202842996326,
        "1 year": 32.65084254393913
    },
    "stats_quantity_trend": {
        "Slight positive:mean": 7570645.068965517,
        "Slight positive:median": 6427817.0,
        "Negative:mean": 8020104.3539823005,
        "Negative:median": 7037386.0,
        "Bear drop:mean": 4.9308621E7,
        "Bear drop:median": 4.9308621E7,
        "Slight negative:mean": 7645868.140625,
        "Slight negative:median": 6805853.0,
        "Slight:mean": 6861540.1953125,
        "Slight:median": 6430669.0,
        "Positive:mean": 9527154.979166666,
        "Positive:median": 7970870.5,
        "Bull run:mean": 4.92577085E7,
        "Bull run:median": 4.92577085E7,
        "Among top gainers:mean": 1.7643805652173914E7,
        "Among top gainers:median": 1.5953749E7,
        "Among top losers:mean": 1.5525875111111112E7,
        "Among top losers:median": 1.8357008E7
    }
}