{
    "stats_90_day_close_price": {
        "min": 2549.45,
        "max": 3131.75,
        "mean": 2882.747413793104
    },
    "stats_vwap_by_month": {
        "2017-05": 1295.8926578508917,
        "2017-06": 1377.6804656767058,
        "2017-07": 1563.9946036832412,
        "2017-08": 1734.0732411553402,
        "2017-09": 1876.8491995917122,
        "2017-10": 1848.7462431423712,
        "2017-11": 1771.561480015068,
        "2017-12": 1722.6736838236432,
        "2018-01": 1729.137123849808,
        "2018-02": 1649.4968073003727,
        "2018-03": 1689.1362812179696,
        "2018-04": 1903.4894215653069,
        "2018-05": 2059.6920558568395,
        "2018-06": 2258.0142690369307,
        "2018-07": 2588.376706704867,
        "2018-08": 2841.9407230768334,
        "2018-09": 2445.337304954514,
        "2018-10": 2205.060552453885,
        "2018-11": 2394.5457780465244,
        "2018-12": 2534.134943829243,
        "2019-01": 2561.1437795942315,
        "2019-02": 2633.8786107159585,
        "2019-03": 2860.776487101176,
        "2019-04": 3042.139868508621,
        "2019-05": 2988.3978890852
    },
    "stats_average_price": {
        "1 week": 2952.88,
        "2 weeks": 3015.3611111111104,
        "1 month": 3029.685294117647,
        "2 months": 3000.4175675675683,
        "6 months": 2705.417499999998,
        "1 year": 2554.098780487804
    },
    "stats_profit_loss_percentage": {
        "1 week": -2.823950547720464,
        "2 weeks": -5.300473198856568,
        "1 month": -2.991148978410128,
        "2 months": 2.4853622301843887,
        "6 months": 25.223166616836785,
        "1 year": 57.245910431751135
    },
    "stats_quantity_trend": {
        "Slight positive:mean": 1195705.1063829786,
        "Slight positive:median": 1049457.0,
        "Negative:mean": 1365531.7789473685,
        "Negative:median": 1095372.0,
        "Bear drop:mean": 3470441.0,
        "Bear drop:median": 3470441.0,
        "Slight negative:mean": 959566.8620689656,
        "Slight negative:median": 796645.5,
        "Slight:mean": 1002898.2083333334,
        "Slight:median": 832446.0,
        "Positive:mean": 1489973.6198347108,
        "Positive:median": 1166483.0,
        "Bull run:mean": 7633932.25,
        "Bull run:median": 7298615.5,
        "Among top gainers:mean": 2448044.08,
        "Among top gainers:median": 1798461.0,
        "Among top losers:mean": 2495378.2608695654,
        "Among top losers:median": 1835002.0
    }
}