{
    "stats_90_day_close_price": {
        "min": 315.65,
        "max": 407.8,
        "mean": 364.21896551724126
    },
    "stats_vwap_by_month": {
        "2017-05": 730.873320474407,
        "2017-06": 660.8445524013242,
        "2017-07": 548.2237488974673,
        "2017-08": 501.5912128251114,
        "2017-09": 497.14433605115937,
        "2017-10": 506.70019989539367,
        "2017-11": 511.7036657790578,
        "2017-12": 518.4130622237303,
        "2018-01": 486.5833605601728,
        "2018-02": 453.91065950410666,
        "2018-03": 436.97116657977165,
        "2018-04": 403.75595133062234,
        "2018-05": 390.5171631696275,
        "2018-06": 404.45982806803084,
        "2018-07": 384.7095995644865,
        "2018-08": 376.92081219159337,
        "2018-09": 358.32021718870004,
        "2018-10": 278.99170495559196,
        "2018-11": 312.506164530919,
        "2018-12": 347.0830659515718,
        "2019-01": 349.19328708923064,
        "2019-02": 333.38471108937085,
        "2019-03": 384.8335812519463,
        "2019-04": 359.79974026022063,
        "2019-05": 376.8182463808802
    },
    "stats_average_price": {
        "1 week": 368.95,
        "2 weeks": 374.90555555555557,
        "1 month": 365.1588235294118,
        "2 months": 371.6567567567568,
        "6 months": 353.2141666666667,
        "1 year": 357.95162601626015
    },
    "stats_profit_loss_percentage": {
        "1 week": -6.268971888610267,
        "2 weeks": -6.515729893378965,
        "1 month": -0.920758928571416,
        "2 months": -10.396164521826895,
        "6 months": 10.33089948733882,
        "1 year": -12.147451756556151
    },
    "stats_quantity_trend": {
        "Slight positive:mean": 4041354.098039216,
        "Slight positive:median": 3653118.0,
        "Negative:mean": 4334832.398230089,
        "Negative:median": 3627260.0,
        "Bear drop:mean": 1.87404035E7,
        "Bear drop:median": 1.2928507E7,
        "Slight negative:mean": 3838269.230769231,
        "Slight negative:median": 3481479.5,
        "Slight:mean": 3838149.0515463916,
        "Slight:median": 3175579.0,
        "Positive:mean": 4855582.118644068,
        "Positive:median": 4364006.5,
        "Among top gainers:mean": 7636759.34375,
        "Among top gainers:median": 6649841.0,
        "Among top losers:mean": 6782466.28,
        "Among top losers:median": 5366864.0
    }
}