{
    "stats_90_day_close_price": {
        "min": 520.45,
        "max": 567.95,
        "mean": 544.1913793103447
    },
    "stats_vwap_by_month": {
        "2017-05": 515.908198902688,
        "2017-06": 540.176363934123,
        "2017-07": 556.857789376579,
        "2017-08": 564.8083572218226,
        "2017-09": 573.4583874347362,
        "2017-10": 606.1764157785065,
        "2017-11": 615.7442136572812,
        "2017-12": 595.2661128658352,
        "2018-01": 612.204284645187,
        "2018-02": 599.0934584216425,
        "2018-03": 559.5634499768679,
        "2018-04": 579.3060049306985,
        "2018-05": 549.5391651578904,
        "2018-06": 586.7232008664436,
        "2018-07": 628.8836168275691,
        "2018-08": 639.3525322009781,
        "2018-09": 658.15876475279,
        "2018-10": 628.920142673897,
        "2018-11": 536.6598114258442,
        "2018-12": 523.1606064648678,
        "2019-01": 509.30111011247163,
        "2019-02": 536.9988463685569,
        "2019-03": 534.9329567217524,
        "2019-04": 542.5312598922385,
        "2019-05": 558.8369958184563
    },
    "stats_average_price": {
        "1 week": 555.1899999999999,
        "2 weeks": 559.3777777777777,
        "1 month": 560.3823529411765,
        "2 months": 544.5635135135136,
        "6 months": 531.1458333333334,
        "1 year": 572.6595528455287
    },
    "stats_profit_loss_percentage": {
        "1 week": -2.016309705170714,
        "2 weeks": -3.2389380530973373,
        "1 month": -3.461063040791084,
        "2 months": 2.6473901614720283,
        "6 months": 5.306751420591365,
        "1 year": -5.496974935177175
    },
    "stats_quantity_trend": {
        "Slight:mean": 2018499.7874493927,
        "Slight:median": 1591897.0
    }
}