{
    "stats_90_day_close_price": {
        "min": 2525.15,
        "max": 2942.45,
        "mean": 2744.467241379311
    },
    "stats_vwap_by_month": {
        "2017-05": 2554.2066831552147,
        "2017-06": 2638.7880027391725,
        "2017-07": 2592.710646843423,
        "2017-08": 2090.486579152488,
        "2017-09": 2315.6276329003067,
        "2017-10": 2390.0837270041543,
        "2017-11": 2349.4825056920336,
        "2017-12": 2313.55996420995,
        "2018-01": 2435.122704029216,
        "2018-02": 2165.9798369171845,
        "2018-03": 2142.3064784814915,
        "2018-04": 2107.108270602353,
        "2018-05": 1990.7744309464906,
        "2018-06": 2258.8400922687365,
        "2018-07": 2161.649909593586,
        "2018-08": 2352.9583848357015,
        "2018-09": 2571.3914218475497,
        "2018-10": 2482.3776746197354,
        "2018-11": 2545.3526448871226,
        "2018-12": 2631.7928420140784,
        "2019-01": 2627.640874275971,
        "2019-02": 2636.285471595379,
        "2019-03": 2695.7441439563167,
        "2019-04": 2822.6489115347536,
        "2019-05": 2892.7248621985605
    },
    "stats_average_price": {
        "1 week": 2884.54,
        "2 weeks": 2900.4888888888886,
        "1 month": 2871.5176470588235,
        "2 months": 2809.9148648648643,
        "6 months": 2686.01375,
        "1 year": 2493.2857723577245
    },
    "stats_profit_loss_percentage": {
        "1 week": -4.747744226749812,
        "2 weeks": -4.465274818917767,
        "1 month": 0.35627327413347953,
        "2 months": 5.4101320094776,
        "6 months": 13.849622227638307,
        "1 year": 38.90472060463387
    },
    "stats_quantity_trend": {
        "Slight positive:mean": 603011.02,
        "Slight positive:median": 495905.5,
        "Negative:mean": 785572.9705882353,
        "Negative:median": 669224.0,
        "Bear drop:mean": 3721516.0,
        "Bear drop:median": 3721516.0,
        "Slight negative:mean": 483964.8039215686,
        "Slight negative:median": 466175.0,
        "Slight:mean": 557891.2993197279,
        "Slight:median": 445377.0,
        "Positive:mean": 833503.225490196,
        "Positive:median": 755512.5,
        "Bull run:mean": 3835476.5,
        "Bull run:median": 3835476.5,
        "Among top gainers:mean": 1838318.75,
        "Among top gainers:median": 1493214.5,
        "Among top losers:mean": 1590651.3684210526,
        "Among top losers:median": 1226639.0
    }
}