{
    "stats_90_day_close_price": {
        "min": 18751.75,
        "max": 22972.45,
        "mean": 20865.950862068967
    },
    "stats_vwap_by_month": {
        "2017-05": 28104.464102403093,
        "2017-06": 28138.69750720234,
        "2017-07": 28556.469649041213,
        "2017-08": 31076.70882882295,
        "2017-09": 31793.628253936502,
        "2017-10": 31537.322387181892,
        "2017-11": 30634.06722590362,
        "2017-12": 29390.895915460478,
        "2018-01": 27667.759741804344,
        "2018-02": 27603.906910611877,
        "2018-03": 28070.40049406846,
        "2018-04": 30320.6017762109,
        "2018-05": 30300.31579253471,
        "2018-06": 29281.566598539484,
        "2018-07": 27814.788096539934,
        "2018-08": 28164.350899539844,
        "2018-09": 27016.5503761689,
        "2018-10": 22333.876394956416,
        "2018-11": 23471.662126960047,
        "2018-12": 23179.635178271663,
        "2019-01": 20217.06740827848,
        "2019-02": 20515.659947315733,
        "2019-03": 21731.313455955995,
        "2019-04": 20644.14376840256,
        "2019-05": 19651.409659836747
    },
    "stats_average_price": {
        "1 week": 20031.28,
        "2 weeks": 20199.116666666665,
        "1 month": 20431.564705882352,
        "2 months": 20780.96621621622,
        "6 months": 21422.417083333316,
        "1 year": 24328.17378048783
    },
    "stats_profit_loss_percentage": {
        "1 week": -7.8682958945030785,
        "2 weeks": -7.936597556006143,
        "1 month": -12.095471815750555,
        "2 months": -17.072971186099625,
        "6 months": -21.689388545166384,
        "1 year": -38.50927603479231
    },
    "stats_quantity_trend": {
        "Slight:mean": 67862.19635627531,
        "Slight:median": 46515.5
    }
}