{
    "stats_90_day_close_price": {
        "min": 307.95,
        "max": 362.6,
        "mean": 344.2025862068966
    },
    "stats_vwap_by_month": {
        "2017-05": 398.95694168289435,
        "2017-06": 376.21225770169553,
        "2017-07": 376.1668875754447,
        "2017-08": 377.378842227275,
        "2017-09": 404.2676680719203,
        "2017-10": 447.9323479691381,
        "2017-11": 459.89936043994845,
        "2017-12": 492.48107788570934,
        "2018-01": 483.45067992817013,
        "2018-02": 464.5172566617939,
        "2018-03": 414.8329506024227,
        "2018-04": 329.0380621415593,
        "2018-05": 331.6607343355972,
        "2018-06": 337.6558603253385,
        "2018-07": 359.1636974495384,
        "2018-08": 377.55461003911813,
        "2018-09": 375.7332819659154,
        "2018-10": 347.7561450352309,
        "2018-11": 352.6417194604588,
        "2018-12": 348.82155388252136,
        "2019-01": 333.58192593458733,
        "2019-02": 328.98897862759213,
        "2019-03": 352.90854536504116,
        "2019-04": 349.6160319669989,
        "2019-05": 342.16054870664595
    },
    "stats_average_price": {
        "1 week": 338.45,
        "2 weeks": 343.05,
        "1 month": 345.40588235294115,
        "2 months": 349.10810810810807,
        "6 months": 342.8241666666666,
        "1 year": 350.05081300813015
    },
    "stats_profit_loss_percentage": {
        "1 week": -2.5531914893616987,
        "2 weeks": -6.714426183452726,
        "1 month": -6.213811608529869,
        "2 months": -7.597050229581191,
        "6 months": -4.4597899582793845,
        "1 year": -3.529924462521783
    },
    "stats_quantity_trend": {
        "Slight positive:mean": 3987260.606060606,
        "Slight positive:median": 3375220.0,
        "Negative:mean": 3670409.1782178218,
        "Negative:median": 3362427.0,
        "Bear drop:mean": 1.39292315E7,
        "Bear drop:median": 1.39292315E7,
        "Slight negative:mean": 3359137.98245614,
        "Slight negative:median": 2936489.0,
        "Slight:mean": 3311696.5939849624,
        "Slight:median": 3108845.0,
        "Positive:mean": 4440539.988372093,
        "Positive:median": 3745344.5,
        "Bull run:mean": 1.2180617E7,
        "Bull run:median": 1.2180617E7,
        "Among top gainers:mean": 7519092.678571428,
        "Among top gainers:median": 7228207.5,
        "Among top losers:mean": 6025231.3,
        "Among top losers:median": 5112786.5
    }
}