{
    "stats_90_day_close_price": {
        "min": 1841.0,
        "max": 2069.15,
        "mean": 1948.5258620689647
    },
    "stats_vwap_by_month": {
        "2017-05": 1551.8581389139947,
        "2017-06": 1634.1428740467702,
        "2017-07": 1682.241746273039,
        "2017-08": 1743.668049792824,
        "2017-09": 1765.3935468022196,
        "2017-10": 1730.3141761266031,
        "2017-11": 1706.2832725810445,
        "2017-12": 1693.3585958249928,
        "2018-01": 1854.5974754796118,
        "2018-02": 1827.551516366985,
        "2018-03": 1810.5208333772725,
        "2018-04": 1844.8727109539366,
        "2018-05": 1864.6813814172367,
        "2018-06": 1865.7245560566344,
        "2018-07": 1969.0964244381214,
        "2018-08": 1940.08683761894,
        "2018-09": 1829.3730755674803,
        "2018-10": 1718.9567809343469,
        "2018-11": 1862.6938009734952,
        "2018-12": 1946.048384117358,
        "2019-01": 1962.2585270951733,
        "2019-02": 1901.9682539374974,
        "2019-03": 1939.8934103810745,
        "2019-04": 2004.1132218400637,
        "2019-05": 1958.0939693452451
    },
    "stats_average_price": {
        "1 week": 1939.25,
        "2 weeks": 1964.505555555556,
        "1 month": 1972.164705882353,
        "2 months": 1983.6851351351354,
        "6 months": 1948.8637499999995,
        "1 year": 1904.805691056912
    },
    "stats_profit_loss_percentage": {
        "1 week": -0.681482988353754,
        "2 weeks": -2.1127290042856,
        "1 month": -3.045798684373832,
        "2 months": -1.1014610184083256,
        "6 months": 5.357142857142867,
        "1 year": 1.1550813218688585
    },
    "stats_quantity_trend": {
        "Slight positive:mean": 2583996.6142857145,
        "Slight positive:median": 2434008.5,
        "Negative:mean": 3028490.3229166665,
        "Negative:median": 2807872.5,
        "Slight negative:mean": 2494395.1587301586,
        "Slight negative:median": 2224803.0,
        "Slight:mean": 2506235.539473684,
        "Slight:median": 2247984.0,
        "Positive:mean": 3075714.2040816327,
        "Positive:median": 2915465.5,
        "Among top gainers:mean": 6352677.111111111,
        "Among top gainers:median": 6450539.0,
        "Among top losers:mean": 5186927.0,
        "Among top losers:median": 4736399.5
    }
}