{
    "stats_90_day_close_price": {
        "min": 2077.55,
        "max": 2367.95,
        "mean": 2230.108620689655
    },
    "stats_vwap_by_month": {
        "2017-05": 1600.7343328027496,
        "2017-06": 1665.8222578055806,
        "2017-07": 1723.6936866607896,
        "2017-08": 1768.6764506122934,
        "2017-09": 1806.42410761253,
        "2017-10": 1813.6968073168114,
        "2017-11": 1832.190430160877,
        "2017-12": 1856.9037196889237,
        "2018-01": 1923.656004454196,
        "2018-02": 1890.951739882218,
        "2018-03": 1863.9874744839108,
        "2018-04": 1930.3936464627786,
        "2018-05": 2036.885589827391,
        "2018-06": 2069.5097375811524,
        "2018-07": 2157.677393536958,
        "2018-08": 2094.3425781468345,
        "2018-09": 1994.5678546594863,
        "2018-10": 1967.2952593992723,
        "2018-11": 2006.4056781322847,
        "2018-12": 2103.10524163289,
        "2019-01": 2102.98106424198,
        "2019-02": 2109.303901398073,
        "2019-03": 2231.7810720897514,
        "2019-04": 2266.616236332139,
        "2019-05": 2323.311808404467
    },
    "stats_average_price": {
        "1 week": 2300.84,
        "2 weeks": 2319.316666666667,
        "1 month": 2299.970588235294,
        "2 months": 2291.793243243243,
        "6 months": 2161.840833333333,
        "1 year": 2103.7012195121965
    },
    "stats_profit_loss_percentage": {
        "1 week": -1.5135530820074534,
        "2 weeks": -1.30531403050767,
        "1 month": -0.06990562740302184,
        "2 months": 1.517976031957382,
        "6 months": 15.798800091132303,
        "1 year": 13.12971435637442
    },
    "stats_quantity_trend": {
        "Slight:mean": 2221198.7085020244,
        "Slight:median": 1773904.5
    }
}