{
    "stats_90_day_close_price": {
        "min": 1874.9,
        "max": 1987.55,
        "mean": 1923.6250000000002
    },
    "stats_vwap_by_month": {
        "2017-05": 209.9616379310345,
        "2017-06": 264.878050397878,
        "2017-07": 265.7311111111111,
        "2017-08": 335.2365781710914,
        "2017-09": 336.9644385026738,
        "2017-10": 302.3530303030303,
        "2017-11": 288.7,
        "2017-12": 279.958064516129,
        "2018-01": 414.4767554479419,
        "2018-02": 385.54605263157896,
        "2018-03": 360.77241379310345,
        "2018-04": 385.6145785876993,
        "2018-05": 404.57804551539493,
        "2018-06": 387.2361290322581,
        "2018-07": 481.6910176531672,
        "2018-08": 464.6488448844884,
        "2018-09": 355.73918558077435,
        "2019-02": 1882.9988614999654,
        "2019-03": 1987.55
    },
    "stats_average_price": {
        "1 week": 1987.55,
        "2 weeks": 1987.55,
        "1 month": 1937.475,
        "2 months": 1923.6250000000002,
        "6 months": 1104.96875,
        "1 year": 459.815648854962
    },
    "stats_profit_loss_percentage": {
        "1 week": 0.0,
        "2 weeks": 0.0,
        "1 month": 5.306241390272325,
        "2 months": 2.2060525030211022,
        "6 months": 528.176359039191,
        "1 year": 503.2018209408194
    },
    "stats_quantity_trend": {
        "Among top gainers:mean": 134676.0,
        "Among top gainers:median": 134676.0,
        "Slight:mean": 186472.54790419163,
        "Slight:median": 116800.0
    }
}