{
    "stats_90_day_close_price": {
        "min": 2499.7,
        "max": 2814.75,
        "mean": 2641.014655172413
    },
    "stats_vwap_by_month": {
        "2017-05": 3629.756758360754,
        "2017-06": 3762.375207099025,
        "2017-07": 3716.5082073330636,
        "2017-08": 3908.5524431926187,
        "2017-09": 3864.6984509128606,
        "2017-10": 3761.330148495799,
        "2017-11": 3666.1172873856517,
        "2017-12": 3639.2278759497767,
        "2018-01": 3665.168309705488,
        "2018-02": 3562.6150221650287,
        "2018-03": 3532.027540363768,
        "2018-04": 3728.2593228881005,
        "2018-05": 3596.834895025522,
        "2018-06": 3613.2064931269592,
        "2018-07": 3301.331671027657,
        "2018-08": 3270.1282438315966,
        "2018-09": 3140.9804421245276,
        "2018-10": 2809.534693257748,
        "2018-11": 2949.758444490879,
        "2018-12": 3209.052989416447,
        "2019-01": 2803.1992832055007,
        "2019-02": 2757.200806887966,
        "2019-03": 2669.3537828651715,
        "2019-04": 2614.8339347449637,
        "2019-05": 2535.553352752058
    },
    "stats_average_price": {
        "1 week": 2516.5699999999997,
        "2 weeks": 2527.011111111111,
        "1 month": 2592.9823529411765,
        "2 months": 2597.167567567568,
        "6 months": 2816.5570833333345,
        "1 year": 3044.030284552845
    },
    "stats_profit_loss_percentage": {
        "1 week": -0.6568144499178946,
        "2 weeks": -0.043792423910659836,
        "1 month": -7.033361721035281,
        "2 months": -8.227790266279216,
        "6 months": -14.078674948240169,
        "1 year": -31.180275744867476
    },
    "stats_quantity_trend": {
        "Slight positive:mean": 422162.2549019608,
        "Slight positive:median": 365879.0,
        "Negative:mean": 457907.42391304346,
        "Negative:median": 394603.0,
        "Slight negative:mean": 372438.85333333333,
        "Slight negative:median": 280729.0,
        "Slight:mean": 375047.25294117647,
        "Slight:median": 308377.0,
        "Positive:mean": 488800.225,
        "Positive:median": 384213.5,
        "Bull run:mean": 2742733.0,
        "Bull run:median": 2742733.0,
        "Among top gainers:mean": 657846.5833333334,
        "Among top gainers:median": 655917.0,
        "Among top losers:mean": 976305.25,
        "Among top losers:median": 790491.5
    }
}