{
    "stats_90_day_close_price": {
        "min": 184.55,
        "max": 217.15,
        "mean": 202.38879310344825
    },
    "stats_vwap_by_month": {
        "2017-05": 196.83833827539013,
        "2017-06": 195.86252514296694,
        "2017-07": 207.33895732133774,
        "2017-08": 230.964845743687,
        "2017-09": 242.65093747199953,
        "2017-10": 263.7398295049026,
        "2017-11": 259.650176147209,
        "2017-12": 252.2923076175834,
        "2018-01": 264.1814621231148,
        "2018-02": 246.2400687430697,
        "2018-03": 220.58070752603567,
        "2018-04": 234.32086722305388,
        "2018-05": 236.79820809606235,
        "2018-06": 233.08266312764752,
        "2018-07": 210.88531841629177,
        "2018-08": 223.3444655038417,
        "2018-09": 239.3169778095581,
        "2018-10": 230.37202162405168,
        "2018-11": 228.85567605546015,
        "2018-12": 222.74516815744474,
        "2019-01": 207.52530383200616,
        "2019-02": 197.41685704891677,
        "2019-03": 202.7750767155099,
        "2019-04": 209.76035557195888,
        "2019-05": 199.20310134589923
    },
    "stats_average_price": {
        "1 week": 197.32000000000002,
        "2 weeks": 200.15,
        "1 month": 202.08235294117648,
        "2 months": 205.97432432432427,
        "6 months": 208.9045833333334,
        "1 year": 219.31239837398377
    },
    "stats_profit_loss_percentage": {
        "1 week": -4.115739585931654,
        "2 weeks": -6.721669497694744,
        "1 month": -9.659224441833143,
        "2 months": -3.4413463953780568,
        "6 months": -17.72260273972603,
        "1 year": -20.611317637339948
    },
    "stats_quantity_trend": {
        "Slight positive:mean": 1.0541730047619049E7,
        "Slight positive:median": 9257756.0,
        "Negative:mean": 8891490.772727273,
        "Negative:median": 8121502.5,
        "Bear drop:mean": 2.7147273333333332E7,
        "Bear drop:median": 2.5198149E7,
        "Slight negative:mean": 8502653.48076923,
        "Slight negative:median": 7481084.0,
        "Slight:mean": 7669988.201834862,
        "Slight:median": 6799990.0,
        "Positive:mean": 9422800.412844036,
        "Positive:median": 8758060.0,
        "Bull run:mean": 3.7033062E7,
        "Bull run:median": 3.7033062E7,
        "Among top gainers:mean": 1.4860338131578946E7,
        "Among top gainers:median": 1.3104337E7,
        "Among top losers:mean": 1.1253775266666668E7,
        "Among top losers:median": 1.00706855E7
    }
}