{
    "stats_90_day_close_price": {
        "min": 1659.1,
        "max": 1798.95,
        "mean": 1717.120689655173
    },
    "stats_vwap_by_month": {
        "2017-05": 1026.5072495259024,
        "2017-06": 1096.4220891053167,
        "2017-07": 1144.395470223635,
        "2017-08": 1187.2504724472492,
        "2017-09": 1224.1418909035292,
        "2017-10": 1234.0960448359065,
        "2017-11": 1266.619721788895,
        "2017-12": 1324.091026805146,
        "2018-01": 1367.8329838440134,
        "2018-02": 1339.2228438050008,
        "2018-03": 1310.683851270348,
        "2018-04": 1425.0485227752147,
        "2018-05": 1548.7033857852143,
        "2018-06": 1605.5499896548988,
        "2018-07": 1683.9871619751095,
        "2018-08": 1758.7909433070881,
        "2018-09": 1628.1036930506632,
        "2018-10": 1562.5156172471245,
        "2018-11": 1703.532317193512,
        "2018-12": 1822.557173096275,
        "2019-01": 1765.2317288780935,
        "2019-02": 1776.8461959957824,
        "2019-03": 1702.3573308508333,
        "2019-04": 1709.1150143397697,
        "2019-05": 1692.1504180094012
    },
    "stats_average_price": {
        "1 week": 1695.8799999999999,
        "2 weeks": 1702.5666666666668,
        "1 month": 1720.1058823529415,
        "2 months": 1702.0905405405406,
        "6 months": 1750.8370833333322,
        "1 year": 1694.290650406504
    },
    "stats_profit_loss_percentage": {
        "1 week": 0.2650957290132548,
        "2 weeks": -3.1689139216020963,
        "1 month": -1.1643099793850327,
        "2 months": 0.21196420160150192,
        "6 months": -0.23739046335101285,
        "1 year": 13.198762927737691
    },
    "stats_quantity_trend": {
        "Slight positive:mean": 1234634.0,
        "Slight positive:median": 1133172.5,
        "Negative:mean": 1422626.0277777778,
        "Negative:median": 1214795.0,
        "Slight negative:mean": 1319019.0555555555,
        "Slight negative:median": 1194276.5,
        "Slight:mean": 1201714.797752809,
        "Slight:median": 1063738.5,
        "Positive:mean": 1405669.430107527,
        "Positive:median": 1374834.0,
        "Among top gainers:mean": 2613607.1666666665,
        "Among top gainers:median": 2367385.0,
        "Among top losers:mean": 3164947.0,
        "Among top losers:median": 1744229.0
    }
}