{
    "stats_90_day_close_price": {
        "min": 262.25,
        "max": 327.6,
        "mean": 302.6560344827587
    },
    "stats_vwap_by_month": {
        "2017-05": 376.2949421201864,
        "2017-06": 378.1526228590276,
        "2017-07": 409.7165275877093,
        "2017-08": 386.7166429589367,
        "2017-09": 380.828812861309,
        "2017-10": 442.026504376637,
        "2017-11": 396.6825574159701,
        "2017-12": 368.0655225333935,
        "2018-01": 356.5995856768694,
        "2018-02": 341.66457305945426,
        "2018-03": 335.78192939225096,
        "2018-04": 331.51379346683257,
        "2018-05": 314.537048693231,
        "2018-06": 293.97188118393956,
        "2018-07": 294.4168316506061,
        "2018-08": 286.5606359275498,
        "2018-09": 271.86763253470207,
        "2018-10": 263.1647870068575,
        "2018-11": 261.05080647408363,
        "2018-12": 257.3408322406076,
        "2019-01": 282.14692053761047,
        "2019-02": 309.5443630042272,
        "2019-03": 314.808695789326,
        "2019-04": 284.34368795227294,
        "2019-05": 268.84882297352993
    },
    "stats_average_price": {
        "1 week": 265.90000000000003,
        "2 weeks": 267.6388888888889,
        "1 month": 280.94411764705876,
        "2 months": 299.9135135135135,
        "6 months": 287.2145833333332,
        "1 year": 286.0869918699186
    },
    "stats_profit_loss_percentage": {
        "1 week": -0.9514925373134371,
        "2 weeks": 1.104551513997325,
        "1 month": -13.940671097422596,
        "2 months": -15.245849297573436,
        "6 months": 3.935003915426775,
        "1 year": -15.996835443037979
    },
    "stats_quantity_trend": {
        "Slight positive:mean": 3557960.722222222,
        "Slight positive:median": 2287491.5,
        "Negative:mean": 2684517.1842105263,
        "Negative:median": 2286066.5,
        "Bear drop:mean": 1.4294085E7,
        "Bear drop:median": 1.4294085E7,
        "Slight negative:mean": 2884543.074074074,
        "Slight negative:median": 2317378.0,
        "Slight:mean": 2744104.6393442624,
        "Slight:median": 2193471.5,
        "Positive:mean": 3333011.029411765,
        "Positive:median": 2802185.0,
        "Among top gainers:mean": 5816888.541666667,
        "Among top gainers:median": 4709712.5,
        "Among top losers:mean": 1.01539075E7,
        "Among top losers:median": 3435092.5
    }
}