{
    "stats_90_day_close_price": {
        "min": 734.95,
        "max": 738.95,
        "mean": 736.95
    },
    "stats_vwap_by_month": {
        "2019-02": 734.95,
        "2019-03": 738.95
    },
    "stats_average_price": {
        "1 week": 738.95,
        "2 weeks": 738.95,
        "1 month": 736.95,
        "2 months": 736.95,
        "6 months": 736.95,
        "1 year": 736.95
    },
    "stats_profit_loss_percentage": {
        "1 week": 0.0,
        "2 weeks": 0.0,
        "1 month": 0.5442547112048438,
        "2 months": 0.5442547112048438,
        "6 months": 0.5442547112048438,
        "1 year": 0.5442547112048438
    },
    "stats_quantity_trend": {
        "Slight:mean": 1495582.5,
        "Slight:median": 1495582.5
    }
}