{
    "stats_90_day_close_price": {
        "min": 706.95,
        "max": 767.25,
        "mean": 733.7146551724137
    },
    "stats_vwap_by_month": {
        "2017-05": 969.1716633252943,
        "2017-06": 948.2025461767237,
        "2017-07": 979.2040673334911,
        "2017-08": 919.3963168536011,
        "2017-09": 897.3965198178947,
        "2017-10": 931.8581175835035,
        "2017-11": 969.9892877700647,
        "2017-12": 1011.8339607767105,
        "2018-01": 1114.4346423551444,
        "2018-02": 1137.523710348054,
        "2018-03": 1162.1842066547745,
        "2018-04": 1153.567461798283,
        "2018-05": 1197.9266557039518,
        "2018-06": 1263.2827582086136,
        "2018-07": 1329.2475180444656,
        "2018-08": 1396.5271791573416,
        "2018-09": 752.5704512294599,
        "2018-10": 688.8170506916841,
        "2018-11": 650.6528047173354,
        "2018-12": 670.1958812727729,
        "2019-01": 708.054850433377,
        "2019-02": 746.0522693604544,
        "2019-03": 724.3656355850534,
        "2019-04": 739.0259545658379,
        "2019-05": 721.4039857806961
    },
    "stats_average_price": {
        "1 week": 720.3,
        "2 weeks": 725.0722222222223,
        "1 month": 726.2676470588236,
        "2 months": 735.1337837837837,
        "6 months": 711.9991666666668,
        "1 year": 900.3949186991872
    },
    "stats_profit_loss_percentage": {
        "1 week": -0.6693809951003947,
        "2 weeks": -4.212417648233177,
        "1 month": -1.072164948453602,
        "2 months": 0.16004453413124917,
        "6 months": 9.643510054844617,
        "1 year": -39.4854115866476
    },
    "stats_quantity_trend": {
        "Slight positive:mean": 5848807.15625,
        "Slight positive:median": 5301784.0,
        "Negative:mean": 5634151.482758621,
        "Negative:median": 5088554.0,
        "Bear drop:mean": 4.8786302E7,
        "Bear drop:median": 4.8786302E7,
        "Slight negative:mean": 5454672.051724138,
        "Slight negative:median": 4616803.0,
        "Slight:mean": 4647983.435897436,
        "Slight:median": 4043539.5,
        "Positive:mean": 6655530.3301886795,
        "Positive:median": 5523811.5,
        "Among top gainers:mean": 1.2590627833333334E7,
        "Among top gainers:median": 1.20421705E7,
        "Among top losers:mean": 1.4638537333333334E7,
        "Among top losers:median": 1.0985897E7
    }
}