{
    "stats_90_day_close_price": {
        "min": 124.65,
        "max": 164.35,
        "mean": 150.50603448275862
    },
    "stats_vwap_by_month": {
        "2017-05": 430.56389391621826,
        "2017-06": 405.8061071919458,
        "2017-07": 377.2540324575072,
        "2017-08": 419.3522737359944,
        "2017-09": 416.391963121955,
        "2017-10": 416.14908677427746,
        "2017-11": 397.30833694406454,
        "2017-12": 401.0038245952768,
        "2018-01": 398.0902228718112,
        "2018-02": 386.58572984392356,
        "2018-03": 254.5766276904247,
        "2018-04": 166.7441383704822,
        "2018-05": 166.10530570981246,
        "2018-06": 167.80278627263937,
        "2018-07": 159.66700804386565,
        "2018-08": 160.41321111556817,
        "2018-09": 153.96436848959877,
        "2018-10": 130.21389516035137,
        "2018-11": 139.55919423318466,
        "2018-12": 137.5391781074488,
        "2019-01": 135.13642045653256,
        "2019-02": 136.31191105007505,
        "2019-03": 158.12071487533822,
        "2019-04": 154.9601073204535,
        "2019-05": 152.34975095543297
    },
    "stats_average_price": {
        "1 week": 149.29000000000002,
        "2 weeks": 152.82777777777775,
        "1 month": 152.92647058823528,
        "2 months": 155.99189189189192,
        "6 months": 143.33750000000003,
        "1 year": 149.75365853658522
    },
    "stats_profit_loss_percentage": {
        "1 week": -7.070707070707067,
        "2 weeks": -9.775387535590013,
        "1 month": -7.402597402597406,
        "2 months": -9.374006990784874,
        "6 months": -2.761677463348115,
        "1 year": -15.320665083135399
    },
    "stats_quantity_trend": {
        "Slight positive:mean": 7192586.260869565,
        "Slight positive:median": 5655780.0,
        "Negative:mean": 8404768.372093024,
        "Negative:median": 6954188.0,
        "Bear drop:mean": 4.0949285333333336E7,
        "Bear drop:median": 2.6369935E7,
        "Slight negative:mean": 7615950.322033898,
        "Slight negative:median": 5554096.0,
        "Slight:mean": 6131717.68503937,
        "Slight:median": 4611961.0,
        "Positive:mean": 1.1522694141176471E7,
        "Positive:median": 8671002.0,
        "Bull run:mean": 1.5608306E7,
        "Bull run:median": 1.5608306E7,
        "Among top gainers:mean": 1.8325335066666666E7,
        "Among top gainers:median": 1.6580849E7,
        "Among top losers:mean": 1.3153344823529411E7,
        "Among top losers:median": 1.26301915E7
    }
}