{
    "stats_90_day_close_price": {
        "min": 274.3,
        "max": 307.2,
        "mean": 292.955172413793
    },
    "stats_vwap_by_month": {
        "2017-05": 298.89832078856944,
        "2017-06": 311.2574980598133,
        "2017-07": 303.67518892114293,
        "2017-08": 279.7046808746551,
        "2017-09": 268.9790942740776,
        "2017-10": 266.841923778286,
        "2017-11": 259.2846620920059,
        "2017-12": 261.313978752705,
        "2018-01": 270.63348711366126,
        "2018-02": 271.6902803782893,
        "2018-03": 261.0055836367759,
        "2018-04": 270.4682140851943,
        "2018-05": 279.811412335886,
        "2018-06": 265.7927002567456,
        "2018-07": 283.5353406927459,
        "2018-08": 309.83001933393325,
        "2018-09": 302.208540019165,
        "2018-10": 281.23538710137547,
        "2018-11": 280.64481226926284,
        "2018-12": 277.89085265710196,
        "2019-01": 283.97947687584985,
        "2019-02": 276.71114391288046,
        "2019-03": 292.94625838716183,
        "2019-04": 301.4490776503259,
        "2019-05": 296.9909874777272
    },
    "stats_average_price": {
        "1 week": 297.89,
        "2 weeks": 300.78333333333336,
        "1 month": 302.6176470588236,
        "2 months": 299.2148648648648,
        "6 months": 286.93166666666673,
        "1 year": 286.1479674796748
    },
    "stats_profit_loss_percentage": {
        "1 week": -4.173567406425958,
        "2 weeks": -3.998672639787626,
        "1 month": -5.302782324058916,
        "2 months": -0.515818431911967,
        "6 months": 5.391621129326051,
        "1 year": 1.580056179775281
    },
    "stats_quantity_trend": {
        "Slight positive:mean": 1.0863933583333334E7,
        "Slight positive:median": 9731130.5,
        "Negative:mean": 1.2537526532467533E7,
        "Negative:median": 1.0814596E7,
        "Bear drop:mean": 1.49479681E8,
        "Bear drop:median": 1.49479681E8,
        "Slight negative:mean": 9135138.50617284,
        "Slight negative:median": 8565591.0,
        "Slight:mean": 1.0245556096590908E7,
        "Slight:median": 9023129.0,
        "Positive:mean": 1.4661149280487806E7,
        "Positive:median": 1.324085E7,
        "Among top gainers:mean": 2.6964848E7,
        "Among top gainers:median": 2.1742467E7,
        "Among top losers:mean": 2.60344965E7,
        "Among top losers:median": 2.3163417E7
    }
}