{
    "stats_90_day_close_price": {
        "min": 1216.65,
        "max": 1412.2,
        "mean": 1343.4086206896554
    },
    "stats_vwap_by_month": {
        "2017-05": 1754.94384075316,
        "2017-06": 1744.770668422227,
        "2017-07": 1296.561325388874,
        "2017-08": 1149.3534324709456,
        "2017-09": 1184.4417525554168,
        "2017-10": 1175.8489056344415,
        "2017-11": 1225.4494982949186,
        "2017-12": 1227.741769119415,
        "2018-01": 1359.0787589201568,
        "2018-02": 1353.7236700302594,
        "2018-03": 1291.4695856495355,
        "2018-04": 1353.247140941011,
        "2018-05": 1364.585766224927,
        "2018-06": 1309.4876214845376,
        "2018-07": 1288.5743808058762,
        "2018-08": 1318.4070740380475,
        "2018-09": 1328.0917684291276,
        "2018-10": 1235.4163597355757,
        "2018-11": 1383.483763219752,
        "2018-12": 1413.7833368529407,
        "2019-01": 1330.3314228257743,
        "2019-02": 1270.4218251390291,
        "2019-03": 1363.8803389696918,
        "2019-04": 1372.3224510510074,
        "2019-05": 1350.6892608850223
    },
    "stats_average_price": {
        "1 week": 1351.31,
        "2 weeks": 1353.3500000000001,
        "1 month": 1356.5588235294117,
        "2 months": 1368.9256756756756,
        "6 months": 1358.0258333333338,
        "1 year": 1330.8164634146347
    },
    "stats_profit_loss_percentage": {
        "1 week": -3.5818820430264764,
        "2 weeks": -2.2913499684846586,
        "1 month": -2.8926228904119684,
        "2 months": -5.646258503401354,
        "6 months": -5.781194136574895,
        "1 year": -4.639044689705077
    },
    "stats_quantity_trend": {
        "Slight:mean": 2309828.5263157897,
        "Slight:median": 1966719.5
    }
}