{
    "stats_90_day_close_price": {
        "min": 617.6,
        "max": 694.6,
        "mean": 659.0474137931035
    },
    "stats_vwap_by_month": {
        "2017-05": 1365.9946040127609,
        "2017-06": 1399.2829501750782,
        "2017-07": 1385.6501302668105,
        "2017-08": 1385.5430802822723,
        "2017-09": 1289.9416841409443,
        "2017-10": 1331.876887700959,
        "2017-11": 1395.6094438284629,
        "2017-12": 1175.1552043385643,
        "2018-01": 758.6117497954896,
        "2018-02": 749.0621032583417,
        "2018-03": 734.9399077950651,
        "2018-04": 805.0897823217996,
        "2018-05": 873.0253956012231,
        "2018-06": 905.8919216556889,
        "2018-07": 915.7960151917687,
        "2018-08": 949.9392855568547,
        "2018-09": 925.6230147754123,
        "2018-10": 762.3366146537935,
        "2018-11": 772.8139336608824,
        "2018-12": 756.1263195925109,
        "2019-01": 714.5383949414492,
        "2019-02": 656.8310060195421,
        "2019-03": 671.7981759448712,
        "2019-04": 666.5334893868891,
        "2019-05": 633.0464049097167
    },
    "stats_average_price": {
        "1 week": 625.8900000000001,
        "2 weeks": 633.8833333333334,
        "1 month": 652.5176470588236,
        "2 months": 662.1418918918921,
        "6 months": 697.94375,
        "1 year": 790.9595528455282
    },
    "stats_profit_loss_percentage": {
        "1 week": -2.893081761006286,
        "2 weeks": -4.292577095924366,
        "1 month": -9.601873536299768,
        "2 months": -11.085516844226893,
        "6 months": -19.42596216568819,
        "1 year": -27.566997009323867
    },
    "stats_quantity_trend": {
        "Slight:mean": 2390723.4604462474,
        "Slight:median": 2034516.0,
        "Slight negative:mean": 6803736.0,
        "Slight negative:median": 6803736.0
    }
}