{
    "stats_90_day_close_price": {
        "min": 6518.0,
        "max": 7458.55,
        "mean": 6925.505172413794
    },
    "stats_vwap_by_month": {
        "2017-05": 6954.667751717962,
        "2017-06": 7262.807129589927,
        "2017-07": 7526.70466318661,
        "2017-08": 7656.375823603558,
        "2017-09": 7973.764851445693,
        "2017-10": 7946.646021655887,
        "2017-11": 8355.906713670855,
        "2017-12": 9340.393828880293,
        "2018-01": 9438.84496384328,
        "2018-02": 8927.528624097058,
        "2018-03": 8765.375719573345,
        "2018-04": 9023.955181763902,
        "2018-05": 8633.29377790434,
        "2018-06": 8883.107184485429,
        "2018-07": 9412.069539276397,
        "2018-08": 9209.243863322206,
        "2018-09": 8173.036912998851,
        "2018-10": 6919.501478686583,
        "2018-11": 7323.546090273003,
        "2018-12": 7557.745912046523,
        "2019-01": 6961.0969301494715,
        "2019-02": 6981.02806507495,
        "2019-03": 6815.299417474307,
        "2019-04": 7037.153970125127,
        "2019-05": 6662.196856468833
    },
    "stats_average_price": {
        "1 week": 6630.49,
        "2 weeks": 6657.972222222223,
        "1 month": 6900.894117647059,
        "2 months": 6901.135135135135,
        "6 months": 7137.718333333331,
        "1 year": 7818.126626016258
    },
    "stats_profit_loss_percentage": {
        "1 week": -2.3612354521038497,
        "2 weeks": -1.8398235929437123,
        "1 month": -10.999659979598777,
        "2 months": -7.626341050254094,
        "6 months": -12.496824144524828,
        "1 year": -24.844952337199956
    },
    "stats_quantity_trend": {
        "Slight positive:mean": 538377.2881355932,
        "Slight positive:median": 465479.0,
        "Negative:mean": 717275.6162790698,
        "Negative:median": 637870.5,
        "Bear drop:mean": 3062762.0,
        "Bear drop:median": 3062762.0,
        "Slight negative:mean": 540754.8888888889,
        "Slight negative:median": 481985.0,
        "Slight:mean": 478075.8292682927,
        "Slight:median": 407874.5,
        "Positive:mean": 649153.2173913043,
        "Positive:median": 635222.0,
        "Among top gainers:mean": 1258624.7272727273,
        "Among top gainers:median": 1112945.0,
        "Among top losers:mean": 1299221.5555555555,
        "Among top losers:median": 1261317.0
    }
}