{
    "stats_90_day_close_price": {
        "min": 1216.1,
        "max": 1408.85,
        "mean": 1316.343965517241
    },
    "stats_vwap_by_month": {
        "2017-05": 1331.6208136547655,
        "2017-06": 1383.6685656860666,
        "2017-07": 1543.6267875805252,
        "2017-08": 1587.40055630608,
        "2017-09": 960.5886610023989,
        "2017-10": 884.5181554961824,
        "2017-11": 918.9042185166509,
        "2017-12": 919.885898185696,
        "2018-01": 947.0607384490813,
        "2018-02": 924.5955973091534,
        "2018-03": 905.781258646354,
        "2018-04": 943.7872023223582,
        "2018-05": 942.0915710129585,
        "2018-06": 986.5456368297054,
        "2018-07": 1071.8510801651607,
        "2018-08": 1236.3814589221818,
        "2018-09": 1239.5278794327787,
        "2018-10": 1094.8186261337494,
        "2018-11": 1113.2875784408695,
        "2018-12": 1118.3159518125628,
        "2019-01": 1179.1046444812075,
        "2019-02": 1250.3634053300375,
        "2019-03": 1325.34978156988,
        "2019-04": 1364.5269190517772,
        "2019-05": 1307.8927867514917
    },
    "stats_average_price": {
        "1 week": 1276.52,
        "2 weeks": 1330.4666666666667,
        "1 month": 1347.5264705882353,
        "2 months": 1350.9810810810814,
        "6 months": 1234.4070833333333,
        "1 year": 1164.5835365853657
    },
    "stats_profit_loss_percentage": {
        "1 week": -8.29549683662077,
        "2 weeks": -11.541499138426193,
        "1 month": -8.066261239413508,
        "2 months": -6.779404532213531,
        "6 months": 12.32620686511374,
        "1 year": 24.87837016014595
    },
    "stats_quantity_trend": {
        "Slight positive:mean": 6395148.816666666,
        "Slight positive:median": 5676523.5,
        "Negative:mean": 7757185.958762887,
        "Negative:median": 7446457.0,
        "Bear drop:mean": 7408536.0,
        "Bear drop:median": 7408536.0,
        "Slight negative:mean": 5189323.555555556,
        "Slight negative:median": 4736511.5,
        "Slight:mean": 6330436.395522388,
        "Slight:median": 6013827.0,
        "Positive:mean": 7595201.0,
        "Positive:median": 7062431.0,
        "Among top gainers:mean": 1.5263016578947369E7,
        "Among top gainers:median": 1.3430225E7,
        "Among top losers:mean": 1.6595084E7,
        "Among top losers:median": 1.4610543E7
    }
}