{
    "stats_90_day_close_price": {
        "min": 398.1,
        "max": 478.85,
        "mean": 454.2094827586207
    },
    "stats_vwap_by_month": {
        "2017-05": 546.1642264611733,
        "2017-06": 528.4673523143903,
        "2017-07": 560.712198267287,
        "2017-08": 481.3149874995338,
        "2017-09": 502.80442512644686,
        "2017-10": 535.695204449209,
        "2017-11": 534.8277529668518,
        "2017-12": 544.1352438704516,
        "2018-01": 581.8994989522507,
        "2018-02": 558.8810456820978,
        "2018-03": 514.4059453957628,
        "2018-04": 513.5098308334807,
        "2018-05": 484.9723994934457,
        "2018-06": 548.2499065959948,
        "2018-07": 561.78203495555,
        "2018-08": 613.5083577226663,
        "2018-09": 649.1893952073899,
        "2018-10": 592.5975664096919,
        "2018-11": 520.3055603213593,
        "2018-12": 426.26440555269124,
        "2019-01": 416.61302032382554,
        "2019-02": 430.9533296854048,
        "2019-03": 464.0805915848641,
        "2019-04": 465.0711054643417,
        "2019-05": 422.49822693675895
    },
    "stats_average_price": {
        "1 week": 432.50999999999993,
        "2 weeks": 442.08888888888885,
        "1 month": 451.8058823529412,
        "2 months": 460.9864864864865,
        "6 months": 447.8108333333333,
        "1 year": 511.96280487804876
    },
    "stats_profit_loss_percentage": {
        "1 week": -11.178045515394906,
        "2 weeks": -13.012127171419197,
        "1 month": -13.20178785566335,
        "2 months": -14.267255303111876,
        "6 months": -22.714036109493303,
        "1 year": -15.977205571971293
    },
    "stats_quantity_trend": {
        "Slight:mean": 7007256.43319838,
        "Slight:median": 4739293.5
    }
}