{
    "stats_90_day_close_price": {
        "min": 1904.8,
        "max": 2260.35,
        "mean": 2055.8232758620697
    },
    "stats_vwap_by_month": {
        "2017-05": 2522.5582215666145,
        "2017-06": 2482.3999583741243,
        "2017-07": 2451.5899133197554,
        "2017-08": 2498.4962372281543,
        "2017-09": 2484.492080399772,
        "2017-10": 2535.4152396781647,
        "2017-11": 2689.82828980625,
        "2017-12": 2612.1914492693927,
        "2018-01": 2940.279651217216,
        "2018-02": 3013.787503574391,
        "2018-03": 2890.102635221324,
        "2018-04": 3304.601426052352,
        "2018-05": 3245.6114852299374,
        "2018-06": 1808.9748780345385,
        "2018-07": 1948.8646049983365,
        "2018-08": 2014.8392668676418,
        "2018-09": 2109.0022070345067,
        "2018-10": 1978.0596333126373,
        "2018-11": 1905.5822833000552,
        "2018-12": 1959.5233436763995,
        "2019-01": 1896.2684618732044,
        "2019-02": 1999.9520599231037,
        "2019-03": 2005.9965476778793,
        "2019-04": 2109.7112794339228,
        "2019-05": 2155.7823135324297
    },
    "stats_average_price": {
        "1 week": 2148.38,
        "2 weeks": 2167.5,
        "1 month": 2166.8323529411764,
        "2 months": 2091.0459459459466,
        "6 months": 1996.435416666666,
        "1 year": 2058.208739837398
    },
    "stats_profit_loss_percentage": {
        "1 week": -1.0780919631032235,
        "2 weeks": -5.822107195788259,
        "1 month": 0.7310840864997784,
        "2 months": 4.353047868820312,
        "6 months": 13.663667672264202,
        "1 year": -38.00148534315796
    },
    "stats_quantity_trend": {
        "Slight positive:mean": 1981557.5438596492,
        "Slight positive:median": 1762656.0,
        "Negative:mean": 1975849.1866666668,
        "Negative:median": 1742213.0,
        "Bear drop:mean": 5049371.0,
        "Bear drop:median": 5049371.0,
        "Slight negative:mean": 1690572.9074074074,
        "Slight negative:median": 1576520.0,
        "Slight:mean": 1687567.9,
        "Slight:median": 1375582.0,
        "Positive:mean": 2302946.59375,
        "Positive:median": 1910952.0,
        "Among top gainers:mean": 4706882.777777778,
        "Among top gainers:median": 2954120.0,
        "Among top losers:mean": 7492338.307692308,
        "Among top losers:median": 4397518.0
    }
}