{
    "stats_90_day_close_price": {
        "min": 1016.25,
        "max": 1158.55,
        "mean": 1090.1094827586207
    },
    "stats_vwap_by_month": {
        "2017-05": 476.31718535632314,
        "2017-06": 533.3821249505677,
        "2017-07": 533.8189684591284,
        "2017-08": 606.1110413703105,
        "2017-09": 621.2270251275332,
        "2017-10": 610.5779456417649,
        "2017-11": 780.8999791943015,
        "2017-12": 827.6845099301939,
        "2018-01": 896.3552335941675,
        "2018-02": 813.7808396113512,
        "2018-03": 891.0077054377161,
        "2018-04": 959.5484329371266,
        "2018-05": 939.9363196855367,
        "2018-06": 878.7808330998414,
        "2018-07": 851.1434351198695,
        "2018-08": 911.8756492154095,
        "2018-09": 833.3779107915377,
        "2018-10": 792.5620525515923,
        "2018-11": 897.1619070243621,
        "2018-12": 920.450052041368,
        "2019-01": 955.8264371148695,
        "2019-02": 1039.071276745029,
        "2019-03": 1086.769605805909,
        "2019-04": 1117.6288103756492,
        "2019-05": 1108.9718312830487
    },
    "stats_average_price": {
        "1 week": 1111.29,
        "2 weeks": 1120.1166666666668,
        "1 month": 1123.4029411764704,
        "2 months": 1115.385135135135,
        "6 months": 1018.007916666667,
        "1 year": 940.1054878048778
    },
    "stats_profit_loss_percentage": {
        "1 week": 5.356649792913028,
        "2 weeks": -1.1954598420439264,
        "1 month": 5.003898546071637,
        "2 months": 4.324447482342223,
        "6 months": 24.315812337098187,
        "1 year": 24.423913043478265
    },
    "stats_quantity_trend": {
        "Slight:mean": 2477051.068825911,
        "Slight:median": 1973700.5
    }
}